model,channel,hand,horizon_step,metric,value,n_frames,config_hash
persistence,F_L,L,1,MSE,26641.872387665702,49670,8afc249f260894fd
persistence,F_L,L,1,MAE,118.13347765663535,49670,8afc249f260894fd
persistence,F_L,L,1,SS_vs_persistence,0.0,49670,8afc249f260894fd
persistence,F_L,L,1,SS_vs_seasonal,0.0,49670,8afc249f260894fd
persistence,F_L,L,1,SS_vs_ar,-0.49324846202848693,49670,8afc249f260894fd
persistence,F_L,L,2,MSE,80520.757043852,49670,8afc249f260894fd
persistence,F_L,L,2,MAE,207.7958258146344,49670,8afc249f260894fd
persistence,F_L,L,2,SS_vs_persistence,0.0,49670,8afc249f260894fd
persistence,F_L,L,2,SS_vs_seasonal,0.0,49670,8afc249f260894fd
persistence,F_L,L,2,SS_vs_ar,-0.19871050244327604,49670,8afc249f260894fd
persistence,F_L,L,3,MSE,136795.25615442503,49670,8afc249f260894fd
persistence,F_L,L,3,MAE,272.8288368761167,49670,8afc249f260894fd
persistence,F_L,L,3,SS_vs_persistence,0.0,49670,8afc249f260894fd
persistence,F_L,L,3,SS_vs_seasonal,0.0,49670,8afc249f260894fd
persistence,F_L,L,3,SS_vs_ar,-0.13455622606872897,49670,8afc249f260894fd
persistence,F_L,L,4,MSE,186619.9143058337,49670,8afc249f260894fd
persistence,F_L,L,4,MAE,320.07513726336003,49670,8afc249f260894fd
persistence,F_L,L,4,SS_vs_persistence,0.0,49670,8afc249f260894fd
persistence,F_L,L,4,SS_vs_seasonal,0.0,49670,8afc249f260894fd
persistence,F_L,L,4,SS_vs_ar,-0.11826961313527407,49670,8afc249f260894fd
persistence,F_L,L,5,MSE,227214.95085551403,49670,8afc249f260894fd
persistence,F_L,L,5,MAE,354.16134542177593,49670,8afc249f260894fd
persistence,F_L,L,5,SS_vs_persistence,0.0,49670,8afc249f260894fd
persistence,F_L,L,5,SS_vs_seasonal,0.0,49670,8afc249f260894fd
persistence,F_L,L,5,SS_vs_ar,-0.12362816249939979,49670,8afc249f260894fd
persistence,F_L,L,6,MSE,261683.03506522317,49670,8afc249f260894fd
persistence,F_L,L,6,MAE,382.09856871759865,49670,8afc249f260894fd
persistence,F_L,L,6,SS_vs_persistence,0.0,49670,8afc249f260894fd
persistence,F_L,L,6,SS_vs_seasonal,0.0,49670,8afc249f260894fd
persistence,F_L,L,6,SS_vs_ar,-0.13905197813499393,49670,8afc249f260894fd
persistence,F_L,L,7,MSE,292429.15995558776,49670,8afc249f260894fd
persistence,F_L,L,7,MAE,405.36838672346863,49670,8afc249f260894fd
persistence,F_L,L,7,SS_vs_persistence,0.0,49670,8afc249f260894fd
persistence,F_L,L,7,SS_vs_seasonal,0.0,49670,8afc249f260894fd
persistence,F_L,L,7,SS_vs_ar,-0.15615541341072214,49670,8afc249f260894fd
persistence,F_L,L,8,MSE,320615.628624356,49670,8afc249f260894fd
persistence,F_L,L,8,MAE,425.1784558604367,49670,8afc249f260894fd
persistence,F_L,L,8,SS_vs_persistence,0.0,49670,8afc249f260894fd
persistence,F_L,L,8,SS_vs_seasonal,0.0,49670,8afc249f260894fd
persistence,F_L,L,8,SS_vs_ar,-0.1759473189562888,49670,8afc249f260894fd
persistence,F_L,L,9,MSE,347725.2042157164,49670,8afc249f260894fd
persistence,F_L,L,9,MAE,443.69468779589823,49670,8afc249f260894fd
persistence,F_L,L,9,SS_vs_persistence,0.0,49670,8afc249f260894fd
persistence,F_L,L,9,SS_vs_seasonal,0.0,49670,8afc249f260894fd
persistence,F_L,L,9,SS_vs_ar,-0.19498882175727572,49670,8afc249f260894fd
persistence,F_L,L,10,MSE,373038.66891591816,49670,8afc249f260894fd
persistence,F_L,L,10,MAE,461.82429397794976,49670,8afc249f260894fd
persistence,F_L,L,10,SS_vs_persistence,0.0,49670,8afc249f260894fd
persistence,F_L,L,10,SS_vs_seasonal,0.0,49670,8afc249f260894fd
persistence,F_L,L,10,SS_vs_ar,-0.21176450307141925,49670,8afc249f260894fd
persistence,F_L,L,all,MSE,225328.44475241052,49670,8afc249f260894fd
persistence,F_L,L,all,MAE,339.11590161078743,49670,8afc249f260894fd
persistence,F_L,L,all,SS_vs_persistence,0.0,49670,8afc249f260894fd
persistence,F_L,L,all,SS_vs_seasonal,0.0,49670,8afc249f260894fd
persistence,F_L,L,all,SS_vs_ar,-0.1682116808410341,49670,8afc249f260894fd
persistence,CoPx_L,L,1,MSE,0.000420470784263599,46647,8afc249f260894fd
persistence,CoPx_L,L,1,MAE,0.014699735315434805,46647,8afc249f260894fd
persistence,CoPx_L,L,1,SS_vs_persistence,2.3782864566612716e-09,46647,8afc249f260894fd
persistence,CoPx_L,L,1,SS_vs_seasonal,2.3782864566612716e-09,46647,8afc249f260894fd
persistence,CoPx_L,L,1,SS_vs_ar,-0.41466376309456154,46647,8afc249f260894fd
persistence,CoPx_L,L,2,MSE,0.0011473286517807357,46647,8afc249f260894fd
persistence,CoPx_L,L,2,MAE,0.024633268541942806,46647,8afc249f260894fd
persistence,CoPx_L,L,2,SS_vs_persistence,8.715898003330835e-10,46647,8afc249f260894fd
persistence,CoPx_L,L,2,SS_vs_seasonal,8.715898003330835e-10,46647,8afc249f260894fd
persistence,CoPx_L,L,2,SS_vs_ar,-0.1739265376896233,46647,8afc249f260894fd
persistence,CoPx_L,L,3,MSE,0.0017203578309345302,46647,8afc249f260894fd
persistence,CoPx_L,L,3,MAE,0.030364721260776863,46647,8afc249f260894fd
persistence,CoPx_L,L,3,SS_vs_persistence,5.812743619770799e-10,46647,8afc249f260894fd
persistence,CoPx_L,L,3,SS_vs_seasonal,5.812743619770799e-10,46647,8afc249f260894fd
persistence,CoPx_L,L,3,SS_vs_ar,-0.16477888095739357,46647,8afc249f260894fd
persistence,CoPx_L,L,4,MSE,0.0021129898468627744,46647,8afc249f260894fd
persistence,CoPx_L,L,4,MAE,0.03372435668766167,46647,8afc249f260894fd
persistence,CoPx_L,L,4,SS_vs_persistence,4.732629843573477e-10,46647,8afc249f260894fd
persistence,CoPx_L,L,4,SS_vs_seasonal,4.732629843573477e-10,46647,8afc249f260894fd
persistence,CoPx_L,L,4,SS_vs_ar,-0.17339872815967183,46647,8afc249f260894fd
persistence,CoPx_L,L,5,MSE,0.0023827286953918203,46647,8afc249f260894fd
persistence,CoPx_L,L,5,MAE,0.03610567934251354,46647,8afc249f260894fd
persistence,CoPx_L,L,5,SS_vs_persistence,4.1968684083570906e-10,46647,8afc249f260894fd
persistence,CoPx_L,L,5,SS_vs_seasonal,4.1968684083570906e-10,46647,8afc249f260894fd
persistence,CoPx_L,L,5,SS_vs_ar,-0.1781436361842046,46647,8afc249f260894fd
persistence,CoPx_L,L,6,MSE,0.002597516700167615,46647,8afc249f260894fd
persistence,CoPx_L,L,6,MAE,0.03789195565555133,46647,8afc249f260894fd
persistence,CoPx_L,L,6,SS_vs_persistence,3.8498304544276607e-10,46647,8afc249f260894fd
persistence,CoPx_L,L,6,SS_vs_seasonal,3.8498304544276607e-10,46647,8afc249f260894fd
persistence,CoPx_L,L,6,SS_vs_ar,-0.18076389240427715,46647,8afc249f260894fd
persistence,CoPx_L,L,7,MSE,0.002788854009914884,46647,8afc249f260894fd
persistence,CoPx_L,L,7,MAE,0.03920780810192872,46647,8afc249f260894fd
persistence,CoPx_L,L,7,SS_vs_persistence,3.585701735531188e-10,46647,8afc249f260894fd
persistence,CoPx_L,L,7,SS_vs_seasonal,3.585701735531188e-10,46647,8afc249f260894fd
persistence,CoPx_L,L,7,SS_vs_ar,-0.1778580541232515,46647,8afc249f260894fd
persistence,CoPx_L,L,8,MSE,0.002955196732629097,46647,8afc249f260894fd
persistence,CoPx_L,L,8,MAE,0.04009059053970325,46647,8afc249f260894fd
persistence,CoPx_L,L,8,SS_vs_persistence,3.3838698509924825e-10,46647,8afc249f260894fd
persistence,CoPx_L,L,8,SS_vs_seasonal,3.3838698509924825e-10,46647,8afc249f260894fd
persistence,CoPx_L,L,8,SS_vs_ar,-0.17373623851264997,46647,8afc249f260894fd
persistence,CoPx_L,L,9,MSE,0.003108227541350979,46647,8afc249f260894fd
persistence,CoPx_L,L,9,MAE,0.0410433533436848,46647,8afc249f260894fd
persistence,CoPx_L,L,9,SS_vs_persistence,3.217267563471182e-10,46647,8afc249f260894fd
persistence,CoPx_L,L,9,SS_vs_seasonal,3.217267563471182e-10,46647,8afc249f260894fd
persistence,CoPx_L,L,9,SS_vs_ar,-0.17023784843524337,46647,8afc249f260894fd
persistence,CoPx_L,L,10,MSE,0.0032426046259867456,46647,8afc249f260894fd
persistence,CoPx_L,L,10,MAE,0.04218701149712873,46647,8afc249f260894fd
persistence,CoPx_L,L,10,SS_vs_persistence,3.083940880443947e-10,46647,8afc249f260894fd
persistence,CoPx_L,L,10,SS_vs_seasonal,3.083940880443947e-10,46647,8afc249f260894fd
persistence,CoPx_L,L,10,SS_vs_ar,-0.1656695489705764,46647,8afc249f260894fd
persistence,CoPx_L,L,all,MSE,0.0022454228938331173,46647,8afc249f260894fd
persistence,CoPx_L,L,all,MAE,0.033975236094871575,46647,8afc249f260894fd
persistence,CoPx_L,L,all,SS_vs_persistence,4.453504232060368e-10,46647,8afc249f260894fd
persistence,CoPx_L,L,all,SS_vs_seasonal,4.453504232060368e-10,46647,8afc249f260894fd
persistence,CoPx_L,L,all,SS_vs_ar,-0.17692097061754697,46647,8afc249f260894fd
persistence,CoPy_L,L,1,MSE,0.00037254751203628553,46647,8afc249f260894fd
persistence,CoPy_L,L,1,MAE,0.013671292756705715,46647,8afc249f260894fd
persistence,CoPy_L,L,1,SS_vs_persistence,2.6842214007061216e-09,46647,8afc249f260894fd
persistence,CoPy_L,L,1,SS_vs_seasonal,2.6842214007061216e-09,46647,8afc249f260894fd
persistence,CoPy_L,L,1,SS_vs_ar,-0.3732019146999421,46647,8afc249f260894fd
persistence,CoPy_L,L,2,MSE,0.0010176487704905077,46647,8afc249f260894fd
persistence,CoPy_L,L,2,MAE,0.022938819095873544,46647,8afc249f260894fd
persistence,CoPy_L,L,2,SS_vs_persistence,9.826572888727014e-10,46647,8afc249f260894fd
persistence,CoPy_L,L,2,SS_vs_seasonal,9.826572888727014e-10,46647,8afc249f260894fd
persistence,CoPy_L,L,2,SS_vs_ar,-0.14090045794839945,46647,8afc249f260894fd
persistence,CoPy_L,L,3,MSE,0.0015325343667104872,46647,8afc249f260894fd
persistence,CoPy_L,L,3,MAE,0.02837982113884462,46647,8afc249f260894fd
persistence,CoPy_L,L,3,SS_vs_persistence,6.525139317758999e-10,46647,8afc249f260894fd
persistence,CoPy_L,L,3,SS_vs_seasonal,6.525139317758999e-10,46647,8afc249f260894fd
persistence,CoPy_L,L,3,SS_vs_ar,-0.12762141637475688,46647,8afc249f260894fd
persistence,CoPy_L,L,4,MSE,0.00189707776242356,46647,8afc249f260894fd
persistence,CoPy_L,L,4,MAE,0.031729637396165654,46647,8afc249f260894fd
persistence,CoPy_L,L,4,SS_vs_persistence,5.271265646200618e-10,46647,8afc249f260894fd
persistence,CoPy_L,L,4,SS_vs_seasonal,5.271265646200618e-10,46647,8afc249f260894fd
persistence,CoPy_L,L,4,SS_vs_ar,-0.13234556898906447,46647,8afc249f260894fd
persistence,CoPy_L,L,5,MSE,0.0021666139009145487,46647,8afc249f260894fd
persistence,CoPy_L,L,5,MAE,0.03388284493655055,46647,8afc249f260894fd
persistence,CoPy_L,L,5,SS_vs_persistence,4.6154968735834245e-10,46647,8afc249f260894fd
persistence,CoPy_L,L,5,SS_vs_seasonal,4.6154968735834245e-10,46647,8afc249f260894fd
persistence,CoPy_L,L,5,SS_vs_ar,-0.14045460393293085,46647,8afc249f260894fd
persistence,CoPy_L,L,6,MSE,0.002396115075515622,46647,8afc249f260894fd
persistence,CoPy_L,L,6,MAE,0.035588116911987565,46647,8afc249f260894fd
persistence,CoPy_L,L,6,SS_vs_persistence,4.1734227185230566e-10,46647,8afc249f260894fd
persistence,CoPy_L,L,6,SS_vs_seasonal,4.1734227185230566e-10,46647,8afc249f260894fd
persistence,CoPy_L,L,6,SS_vs_ar,-0.14826872227646493,46647,8afc249f260894fd
persistence,CoPy_L,L,7,MSE,0.0026096197386547794,46647,8afc249f260894fd
persistence,CoPy_L,L,7,MAE,0.0372658586321391,46647,8afc249f260894fd
persistence,CoPy_L,L,7,SS_vs_persistence,3.831975847745639e-10,46647,8afc249f260894fd
persistence,CoPy_L,L,7,SS_vs_seasonal,3.831975847745639e-10,46647,8afc249f260894fd
persistence,CoPy_L,L,7,SS_vs_ar,-0.15466731902790576,46647,8afc249f260894fd
persistence,CoPy_L,L,8,MSE,0.002824407331994412,46647,8afc249f260894fd
persistence,CoPy_L,L,8,MAE,0.038828363749805084,46647,8afc249f260894fd
persistence,CoPy_L,L,8,SS_vs_persistence,3.5405656184650525e-10,46647,8afc249f260894fd
persistence,CoPy_L,L,8,SS_vs_seasonal,3.5405656184650525e-10,46647,8afc249f260894fd
persistence,CoPy_L,L,8,SS_vs_ar,-0.1630503734713431,46647,8afc249f260894fd
persistence,CoPy_L,L,9,MSE,0.0030506825263427154,46647,8afc249f260894fd
persistence,CoPy_L,L,9,MAE,0.04061786880075727,46647,8afc249f260894fd
persistence,CoPy_L,L,9,SS_vs_persistence,3.2779545744432426e-10,46647,8afc249f260894fd
persistence,CoPy_L,L,9,SS_vs_seasonal,3.2779545744432426e-10,46647,8afc249f260894fd
persistence,CoPy_L,L,9,SS_vs_ar,-0.17440230228428422,46647,8afc249f260894fd
persistence,CoPy_L,L,10,MSE,0.003273613462313851,46647,8afc249f260894fd
persistence,CoPy_L,L,10,MAE,0.04227844129143635,46647,8afc249f260894fd
persistence,CoPy_L,L,10,SS_vs_persistence,3.05472869222001e-10,46647,8afc249f260894fd
persistence,CoPy_L,L,10,SS_vs_seasonal,3.05472869222001e-10,46647,8afc249f260894fd
persistence,CoPy_L,L,10,SS_vs_ar,-0.18376951167706523,46647,8afc249f260894fd
persistence,CoPy_L,L,all,MSE,0.0021117753364008336,46647,8afc249f260894fd
persistence,CoPy_L,L,all,MAE,0.03249713189381542,46647,8afc249f260894fd
persistence,CoPy_L,L,all,SS_vs_persistence,4.735352110429858e-10,46647,8afc249f260894fd
persistence,CoPy_L,L,all,SS_vs_seasonal,4.735352110429858e-10,46647,8afc249f260894fd
persistence,CoPy_L,L,all,SS_vs_ar,-0.1592779903974857,46647,8afc249f260894fd
persistence,F_R,R,1,MSE,134481.40078648983,49670,8afc249f260894fd
persistence,F_R,R,1,MAE,249.53170859312084,49670,8afc249f260894fd
persistence,F_R,R,1,SS_vs_persistence,0.0,49670,8afc249f260894fd
persistence,F_R,R,1,SS_vs_seasonal,0.0,49670,8afc249f260894fd
persistence,F_R,R,1,SS_vs_ar,-0.7011976511555782,49670,8afc249f260894fd
persistence,F_R,R,2,MSE,421672.8128339646,49670,8afc249f260894fd
persistence,F_R,R,2,MAE,447.8859389696607,49670,8afc249f260894fd
persistence,F_R,R,2,SS_vs_persistence,0.0,49670,8afc249f260894fd
persistence,F_R,R,2,SS_vs_seasonal,0.0,49670,8afc249f260894fd
persistence,F_R,R,2,SS_vs_ar,-0.34894256155152736,49670,8afc249f260894fd
persistence,F_R,R,3,MSE,739686.2740587188,49670,8afc249f260894fd
persistence,F_R,R,3,MAE,594.6099513380105,49670,8afc249f260894fd
persistence,F_R,R,3,SS_vs_persistence,0.0,49670,8afc249f260894fd
persistence,F_R,R,3,SS_vs_seasonal,0.0,49670,8afc249f260894fd
persistence,F_R,R,3,SS_vs_ar,-0.2632846180385753,49670,8afc249f260894fd
persistence,F_R,R,4,MSE,1035393.8517224236,49670,8afc249f260894fd
persistence,F_R,R,4,MAE,708.225648238334,49670,8afc249f260894fd
persistence,F_R,R,4,SS_vs_persistence,0.0,49670,8afc249f260894fd
persistence,F_R,R,4,SS_vs_seasonal,0.0,49670,8afc249f260894fd
persistence,F_R,R,4,SS_vs_ar,-0.23510933285325963,49670,8afc249f260894fd
persistence,F_R,R,5,MSE,1280167.6449184655,49670,8afc249f260894fd
persistence,F_R,R,5,MAE,794.1340437217668,49670,8afc249f260894fd
persistence,F_R,R,5,SS_vs_persistence,0.0,49670,8afc249f260894fd
persistence,F_R,R,5,SS_vs_seasonal,0.0,49670,8afc249f260894fd
persistence,F_R,R,5,SS_vs_ar,-0.23207054833897556,49670,8afc249f260894fd
persistence,F_R,R,6,MSE,1466689.5613687113,49670,8afc249f260894fd
persistence,F_R,R,6,MAE,855.787887828221,49670,8afc249f260894fd
persistence,F_R,R,6,SS_vs_persistence,0.0,49670,8afc249f260894fd
persistence,F_R,R,6,SS_vs_seasonal,0.0,49670,8afc249f260894fd
persistence,F_R,R,6,SS_vs_ar,-0.2373996031608172,49670,8afc249f260894fd
persistence,F_R,R,7,MSE,1600146.8907736503,49670,8afc249f260894fd
persistence,F_R,R,7,MAE,900.6180165434643,49670,8afc249f260894fd
persistence,F_R,R,7,SS_vs_persistence,0.0,49670,8afc249f260894fd
persistence,F_R,R,7,SS_vs_seasonal,0.0,49670,8afc249f260894fd
persistence,F_R,R,7,SS_vs_ar,-0.24103557360686456,49670,8afc249f260894fd
persistence,F_R,R,8,MSE,1691052.0816357995,49670,8afc249f260894fd
persistence,F_R,R,8,MAE,928.9166425532538,49670,8afc249f260894fd
persistence,F_R,R,8,SS_vs_persistence,0.0,49670,8afc249f260894fd
persistence,F_R,R,8,SS_vs_seasonal,0.0,49670,8afc249f260894fd
persistence,F_R,R,8,SS_vs_ar,-0.24159803779227285,49670,8afc249f260894fd
persistence,F_R,R,9,MSE,1755494.6106261883,49670,8afc249f260894fd
persistence,F_R,R,9,MAE,951.8872143918417,49670,8afc249f260894fd
persistence,F_R,R,9,SS_vs_persistence,0.0,49670,8afc249f260894fd
persistence,F_R,R,9,SS_vs_seasonal,0.0,49670,8afc249f260894fd
persistence,F_R,R,9,SS_vs_ar,-0.24364029424614708,49670,8afc249f260894fd
persistence,F_R,R,10,MSE,1812054.2220154128,49670,8afc249f260894fd
persistence,F_R,R,10,MAE,974.4145336393045,49670,8afc249f260894fd
persistence,F_R,R,10,SS_vs_persistence,0.0,49670,8afc249f260894fd
persistence,F_R,R,10,SS_vs_seasonal,0.0,49670,8afc249f260894fd
persistence,F_R,R,10,SS_vs_ar,-0.24874229433324269,49670,8afc249f260894fd
persistence,F_R,R,all,MSE,1193683.9350740744,49670,8afc249f260894fd
persistence,F_R,R,all,MAE,740.6011585816977,49670,8afc249f260894fd
persistence,F_R,R,all,SS_vs_persistence,0.0,49670,8afc249f260894fd
persistence,F_R,R,all,SS_vs_seasonal,0.0,49670,8afc249f260894fd
persistence,F_R,R,all,SS_vs_ar,-0.2494267717042502,49670,8afc249f260894fd
persistence,CoPx_R,R,1,MSE,0.0006250305396232098,47205,8afc249f260894fd
persistence,CoPx_R,R,1,MAE,0.01659062545351705,47205,8afc249f260894fd
persistence,CoPx_R,R,1,SS_vs_persistence,1.5999218616613575e-09,47205,8afc249f260894fd
persistence,CoPx_R,R,1,SS_vs_seasonal,1.5999218616613575e-09,47205,8afc249f260894fd
persistence,CoPx_R,R,1,SS_vs_ar,-0.39417179726031604,47205,8afc249f260894fd
persistence,CoPx_R,R,2,MSE,0.0016435486620842489,47205,8afc249f260894fd
persistence,CoPx_R,R,2,MAE,0.027702399530859147,47205,8afc249f260894fd
persistence,CoPx_R,R,2,SS_vs_persistence,6.084395209882132e-10,47205,8afc249f260894fd
persistence,CoPx_R,R,2,SS_vs_seasonal,6.084395209882132e-10,47205,8afc249f260894fd
persistence,CoPx_R,R,2,SS_vs_ar,-0.21258600195384147,47205,8afc249f260894fd
persistence,CoPx_R,R,3,MSE,0.0023741299629488465,47205,8afc249f260894fd
persistence,CoPx_R,R,3,MAE,0.03397712113708226,47205,8afc249f260894fd
persistence,CoPx_R,R,3,SS_vs_persistence,4.2120695820102583e-10,47205,8afc249f260894fd
persistence,CoPx_R,R,3,SS_vs_seasonal,4.2120695820102583e-10,47205,8afc249f260894fd
persistence,CoPx_R,R,3,SS_vs_ar,-0.254818993830783,47205,8afc249f260894fd
persistence,CoPx_R,R,4,MSE,0.0028777955131823957,47205,8afc249f260894fd
persistence,CoPx_R,R,4,MAE,0.03767730861221698,47205,8afc249f260894fd
persistence,CoPx_R,R,4,SS_vs_persistence,3.4748814936591543e-10,47205,8afc249f260894fd
persistence,CoPx_R,R,4,SS_vs_seasonal,3.4748814936591543e-10,47205,8afc249f260894fd
persistence,CoPx_R,R,4,SS_vs_ar,-0.30374289291395384,47205,8afc249f260894fd
persistence,CoPx_R,R,5,MSE,0.003177431758823977,47205,8afc249f260894fd
persistence,CoPx_R,R,5,MAE,0.0394808969615048,47205,8afc249f260894fd
persistence,CoPx_R,R,5,SS_vs_persistence,3.1471958372719655e-10,47205,8afc249f260894fd
persistence,CoPx_R,R,5,SS_vs_seasonal,3.1471958372719655e-10,47205,8afc249f260894fd
persistence,CoPx_R,R,5,SS_vs_ar,-0.32508043283332855,47205,8afc249f260894fd
persistence,CoPx_R,R,6,MSE,0.003326497667794708,47205,8afc249f260894fd
persistence,CoPx_R,R,6,MAE,0.040415815605760935,47205,8afc249f260894fd
persistence,CoPx_R,R,6,SS_vs_persistence,3.006164206453832e-10,47205,8afc249f260894fd
persistence,CoPx_R,R,6,SS_vs_seasonal,3.006164206453832e-10,47205,8afc249f260894fd
persistence,CoPx_R,R,6,SS_vs_ar,-0.3326260646798045,47205,8afc249f260894fd
persistence,CoPx_R,R,7,MSE,0.0034750236890919287,47205,8afc249f260894fd
persistence,CoPx_R,R,7,MAE,0.04152012335219933,47205,8afc249f260894fd
persistence,CoPx_R,R,7,SS_vs_persistence,2.8776780958139625e-10,47205,8afc249f260894fd
persistence,CoPx_R,R,7,SS_vs_seasonal,2.8776780958139625e-10,47205,8afc249f260894fd
persistence,CoPx_R,R,7,SS_vs_ar,-0.34908704930806356,47205,8afc249f260894fd
persistence,CoPx_R,R,8,MSE,0.0036561838314364773,47205,8afc249f260894fd
persistence,CoPx_R,R,8,MAE,0.0428300861769671,47205,8afc249f260894fd
persistence,CoPx_R,R,8,SS_vs_persistence,2.7350921527613536e-10,47205,8afc249f260894fd
persistence,CoPx_R,R,8,SS_vs_seasonal,2.7350921527613536e-10,47205,8afc249f260894fd
persistence,CoPx_R,R,8,SS_vs_ar,-0.37733664219243845,47205,8afc249f260894fd
persistence,CoPx_R,R,9,MSE,0.003809590889860516,47205,8afc249f260894fd
persistence,CoPx_R,R,9,MAE,0.04367859446048729,47205,8afc249f260894fd
persistence,CoPx_R,R,9,SS_vs_persistence,2.6249535878264396e-10,47205,8afc249f260894fd
persistence,CoPx_R,R,9,SS_vs_seasonal,2.6249535878264396e-10,47205,8afc249f260894fd
persistence,CoPx_R,R,9,SS_vs_ar,-0.3969562073783319,47205,8afc249f260894fd
persistence,CoPx_R,R,10,MSE,0.00392663519752163,47205,8afc249f260894fd
persistence,CoPx_R,R,10,MAE,0.04419035126559547,47205,8afc249f260894fd
persistence,CoPx_R,R,10,SS_vs_persistence,2.5467106201659817e-10,47205,8afc249f260894fd
persistence,CoPx_R,R,10,SS_vs_seasonal,2.5467106201659817e-10,47205,8afc249f260894fd
persistence,CoPx_R,R,10,SS_vs_ar,-0.4081199761203014,47205,8afc249f260894fd
persistence,CoPx_R,R,all,MSE,0.0028864808470914953,47205,8afc249f260894fd
persistence,CoPx_R,R,all,MAE,0.03678516392551839,47205,8afc249f260894fd
persistence,CoPx_R,R,all,SS_vs_persistence,3.464426523436259e-10,47205,8afc249f260894fd
persistence,CoPx_R,R,all,SS_vs_seasonal,3.464426523436259e-10,47205,8afc249f260894fd
persistence,CoPx_R,R,all,SS_vs_ar,-0.34098488039093167,47205,8afc249f260894fd
persistence,CoPy_R,R,1,MSE,0.00048591566212033275,47205,8afc249f260894fd
persistence,CoPy_R,R,1,MAE,0.014806423045744713,47205,8afc249f260894fd
persistence,CoPy_R,R,1,SS_vs_persistence,2.0579702386669396e-09,47205,8afc249f260894fd
persistence,CoPy_R,R,1,SS_vs_seasonal,2.0579702386669396e-09,47205,8afc249f260894fd
persistence,CoPy_R,R,1,SS_vs_ar,-0.4044496900774379,47205,8afc249f260894fd
persistence,CoPy_R,R,2,MSE,0.0013083750426057335,47205,8afc249f260894fd
persistence,CoPy_R,R,2,MAE,0.024888102973925165,47205,8afc249f260894fd
persistence,CoPy_R,R,2,SS_vs_persistence,7.643068400398079e-10,47205,8afc249f260894fd
persistence,CoPy_R,R,2,SS_vs_seasonal,7.643068400398079e-10,47205,8afc249f260894fd
persistence,CoPy_R,R,2,SS_vs_ar,-0.20090571171176985,47205,8afc249f260894fd
persistence,CoPy_R,R,3,MSE,0.001963561848057513,47205,8afc249f260894fd
persistence,CoPy_R,R,3,MAE,0.030710846823951133,47205,8afc249f260894fd
persistence,CoPy_R,R,3,SS_vs_persistence,5.092786192761878e-10,47205,8afc249f260894fd
persistence,CoPy_R,R,3,SS_vs_seasonal,5.092786192761878e-10,47205,8afc249f260894fd
persistence,CoPy_R,R,3,SS_vs_ar,-0.20706426513572418,47205,8afc249f260894fd
persistence,CoPy_R,R,4,MSE,0.0024150214722397445,47205,8afc249f260894fd
persistence,CoPy_R,R,4,MAE,0.034455167702771364,47205,8afc249f260894fd
persistence,CoPy_R,R,4,SS_vs_persistence,4.140749965131363e-10,47205,8afc249f260894fd
persistence,CoPy_R,R,4,SS_vs_seasonal,4.140749965131363e-10,47205,8afc249f260894fd
persistence,CoPy_R,R,4,SS_vs_ar,-0.22732320581220433,47205,8afc249f260894fd
persistence,CoPy_R,R,5,MSE,0.00270389653053,47205,8afc249f260894fd
persistence,CoPy_R,R,5,MAE,0.036730771045929776,47205,8afc249f260894fd
persistence,CoPy_R,R,5,SS_vs_persistence,3.6983660578471245e-10,47205,8afc249f260894fd
persistence,CoPy_R,R,5,SS_vs_seasonal,3.6983660578471245e-10,47205,8afc249f260894fd
persistence,CoPy_R,R,5,SS_vs_ar,-0.23103560537220313,47205,8afc249f260894fd
persistence,CoPy_R,R,6,MSE,0.002870011760467195,47205,8afc249f260894fd
persistence,CoPy_R,R,6,MAE,0.03814369249634592,47205,8afc249f260894fd
persistence,CoPy_R,R,6,SS_vs_persistence,3.4843061769151973e-10,47205,8afc249f260894fd
persistence,CoPy_R,R,6,SS_vs_seasonal,3.4843061769151973e-10,47205,8afc249f260894fd
persistence,CoPy_R,R,6,SS_vs_ar,-0.23007096915942382,47205,8afc249f260894fd
persistence,CoPy_R,R,7,MSE,0.0030291128058859956,47205,8afc249f260894fd
persistence,CoPy_R,R,7,MAE,0.03940158907119867,47205,8afc249f260894fd
persistence,CoPy_R,R,7,SS_vs_persistence,3.3012970135359865e-10,47205,8afc249f260894fd
persistence,CoPy_R,R,7,SS_vs_seasonal,3.3012970135359865e-10,47205,8afc249f260894fd
persistence,CoPy_R,R,7,SS_vs_ar,-0.2329154513570788,47205,8afc249f260894fd
persistence,CoPy_R,R,8,MSE,0.003195289287699772,47205,8afc249f260894fd
persistence,CoPy_R,R,8,MAE,0.04044442927776368,47205,8afc249f260894fd
persistence,CoPy_R,R,8,SS_vs_persistence,3.129606573892829e-10,47205,8afc249f260894fd
persistence,CoPy_R,R,8,SS_vs_seasonal,3.129606573892829e-10,47205,8afc249f260894fd
persistence,CoPy_R,R,8,SS_vs_ar,-0.24004272389217096,47205,8afc249f260894fd
persistence,CoPy_R,R,9,MSE,0.003390564318489126,47205,8afc249f260894fd
persistence,CoPy_R,R,9,MAE,0.04166670444332618,47205,8afc249f260894fd
persistence,CoPy_R,R,9,SS_vs_persistence,2.949361865844935e-10,47205,8afc249f260894fd
persistence,CoPy_R,R,9,SS_vs_seasonal,2.949361865844935e-10,47205,8afc249f260894fd
persistence,CoPy_R,R,9,SS_vs_ar,-0.25472242673498036,47205,8afc249f260894fd
persistence,CoPy_R,R,10,MSE,0.003610423996466417,47205,8afc249f260894fd
persistence,CoPy_R,R,10,MAE,0.042938927193041064,47205,8afc249f260894fd
persistence,CoPy_R,R,10,SS_vs_persistence,2.7697577564822495e-10,47205,8afc249f260894fd
persistence,CoPy_R,R,10,SS_vs_seasonal,2.7697577564822495e-10,47205,8afc249f260894fd
persistence,CoPy_R,R,10,SS_vs_ar,-0.27304697686908286,47205,8afc249f260894fd
persistence,CoPy_R,R,all,MSE,0.0024946261878810946,47205,8afc249f260894fd
persistence,CoPy_R,R,all,MAE,0.03439652715014268,47205,8afc249f260894fd
persistence,CoPy_R,R,all,SS_vs_persistence,4.0086167718556e-10,47205,8afc249f260894fd
persistence,CoPy_R,R,all,SS_vs_seasonal,4.0086167718556e-10,47205,8afc249f260894fd
persistence,CoPy_R,R,all,SS_vs_ar,-0.24042260355859746,47205,8afc249f260894fd
seasonal,F_L,L,1,MSE,26641.872387665702,49670,8afc249f260894fd
seasonal,F_L,L,1,MAE,118.13347765663535,49670,8afc249f260894fd
seasonal,F_L,L,1,SS_vs_persistence,0.0,49670,8afc249f260894fd
seasonal,F_L,L,1,SS_vs_seasonal,0.0,49670,8afc249f260894fd
seasonal,F_L,L,1,SS_vs_ar,-0.49324846202848693,49670,8afc249f260894fd
seasonal,F_L,L,2,MSE,80520.757043852,49670,8afc249f260894fd
seasonal,F_L,L,2,MAE,207.7958258146344,49670,8afc249f260894fd
seasonal,F_L,L,2,SS_vs_persistence,0.0,49670,8afc249f260894fd
seasonal,F_L,L,2,SS_vs_seasonal,0.0,49670,8afc249f260894fd
seasonal,F_L,L,2,SS_vs_ar,-0.19871050244327604,49670,8afc249f260894fd
seasonal,F_L,L,3,MSE,136795.25615442503,49670,8afc249f260894fd
seasonal,F_L,L,3,MAE,272.8288368761167,49670,8afc249f260894fd
seasonal,F_L,L,3,SS_vs_persistence,0.0,49670,8afc249f260894fd
seasonal,F_L,L,3,SS_vs_seasonal,0.0,49670,8afc249f260894fd
seasonal,F_L,L,3,SS_vs_ar,-0.13455622606872897,49670,8afc249f260894fd
seasonal,F_L,L,4,MSE,186619.9143058337,49670,8afc249f260894fd
seasonal,F_L,L,4,MAE,320.07513726336003,49670,8afc249f260894fd
seasonal,F_L,L,4,SS_vs_persistence,0.0,49670,8afc249f260894fd
seasonal,F_L,L,4,SS_vs_seasonal,0.0,49670,8afc249f260894fd
seasonal,F_L,L,4,SS_vs_ar,-0.11826961313527407,49670,8afc249f260894fd
seasonal,F_L,L,5,MSE,227214.95085551403,49670,8afc249f260894fd
seasonal,F_L,L,5,MAE,354.16134542177593,49670,8afc249f260894fd
seasonal,F_L,L,5,SS_vs_persistence,0.0,49670,8afc249f260894fd
seasonal,F_L,L,5,SS_vs_seasonal,0.0,49670,8afc249f260894fd
seasonal,F_L,L,5,SS_vs_ar,-0.12362816249939979,49670,8afc249f260894fd
seasonal,F_L,L,6,MSE,261683.03506522317,49670,8afc249f260894fd
seasonal,F_L,L,6,MAE,382.09856871759865,49670,8afc249f260894fd
seasonal,F_L,L,6,SS_vs_persistence,0.0,49670,8afc249f260894fd
seasonal,F_L,L,6,SS_vs_seasonal,0.0,49670,8afc249f260894fd
seasonal,F_L,L,6,SS_vs_ar,-0.13905197813499393,49670,8afc249f260894fd
seasonal,F_L,L,7,MSE,292429.15995558776,49670,8afc249f260894fd
seasonal,F_L,L,7,MAE,405.36838672346863,49670,8afc249f260894fd
seasonal,F_L,L,7,SS_vs_persistence,0.0,49670,8afc249f260894fd
seasonal,F_L,L,7,SS_vs_seasonal,0.0,49670,8afc249f260894fd
seasonal,F_L,L,7,SS_vs_ar,-0.15615541341072214,49670,8afc249f260894fd
seasonal,F_L,L,8,MSE,320615.628624356,49670,8afc249f260894fd
seasonal,F_L,L,8,MAE,425.1784558604367,49670,8afc249f260894fd
seasonal,F_L,L,8,SS_vs_persistence,0.0,49670,8afc249f260894fd
seasonal,F_L,L,8,SS_vs_seasonal,0.0,49670,8afc249f260894fd
seasonal,F_L,L,8,SS_vs_ar,-0.1759473189562888,49670,8afc249f260894fd
seasonal,F_L,L,9,MSE,347725.2042157164,49670,8afc249f260894fd
seasonal,F_L,L,9,MAE,443.69468779589823,49670,8afc249f260894fd
seasonal,F_L,L,9,SS_vs_persistence,0.0,49670,8afc249f260894fd
seasonal,F_L,L,9,SS_vs_seasonal,0.0,49670,8afc249f260894fd
seasonal,F_L,L,9,SS_vs_ar,-0.19498882175727572,49670,8afc249f260894fd
seasonal,F_L,L,10,MSE,373038.66891591816,49670,8afc249f260894fd
seasonal,F_L,L,10,MAE,461.82429397794976,49670,8afc249f260894fd
seasonal,F_L,L,10,SS_vs_persistence,0.0,49670,8afc249f260894fd
seasonal,F_L,L,10,SS_vs_seasonal,0.0,49670,8afc249f260894fd
seasonal,F_L,L,10,SS_vs_ar,-0.21176450307141925,49670,8afc249f260894fd
seasonal,F_L,L,all,MSE,225328.44475241052,49670,8afc249f260894fd
seasonal,F_L,L,all,MAE,339.11590161078743,49670,8afc249f260894fd
seasonal,F_L,L,all,SS_vs_persistence,0.0,49670,8afc249f260894fd
seasonal,F_L,L,all,SS_vs_seasonal,0.0,49670,8afc249f260894fd
seasonal,F_L,L,all,SS_vs_ar,-0.1682116808410341,49670,8afc249f260894fd
seasonal,CoPx_L,L,1,MSE,0.000420470784263599,46647,8afc249f260894fd
seasonal,CoPx_L,L,1,MAE,0.014699735315434805,46647,8afc249f260894fd
seasonal,CoPx_L,L,1,SS_vs_persistence,2.3782864566612716e-09,46647,8afc249f260894fd
seasonal,CoPx_L,L,1,SS_vs_seasonal,2.3782864566612716e-09,46647,8afc249f260894fd
seasonal,CoPx_L,L,1,SS_vs_ar,-0.41466376309456154,46647,8afc249f260894fd
seasonal,CoPx_L,L,2,MSE,0.0011473286517807357,46647,8afc249f260894fd
seasonal,CoPx_L,L,2,MAE,0.024633268541942806,46647,8afc249f260894fd
seasonal,CoPx_L,L,2,SS_vs_persistence,8.715898003330835e-10,46647,8afc249f260894fd
seasonal,CoPx_L,L,2,SS_vs_seasonal,8.715898003330835e-10,46647,8afc249f260894fd
seasonal,CoPx_L,L,2,SS_vs_ar,-0.1739265376896233,46647,8afc249f260894fd
seasonal,CoPx_L,L,3,MSE,0.0017203578309345302,46647,8afc249f260894fd
seasonal,CoPx_L,L,3,MAE,0.030364721260776863,46647,8afc249f260894fd
seasonal,CoPx_L,L,3,SS_vs_persistence,5.812743619770799e-10,46647,8afc249f260894fd
seasonal,CoPx_L,L,3,SS_vs_seasonal,5.812743619770799e-10,46647,8afc249f260894fd
seasonal,CoPx_L,L,3,SS_vs_ar,-0.16477888095739357,46647,8afc249f260894fd
seasonal,CoPx_L,L,4,MSE,0.0021129898468627744,46647,8afc249f260894fd
seasonal,CoPx_L,L,4,MAE,0.03372435668766167,46647,8afc249f260894fd
seasonal,CoPx_L,L,4,SS_vs_persistence,4.732629843573477e-10,46647,8afc249f260894fd
seasonal,CoPx_L,L,4,SS_vs_seasonal,4.732629843573477e-10,46647,8afc249f260894fd
seasonal,CoPx_L,L,4,SS_vs_ar,-0.17339872815967183,46647,8afc249f260894fd
seasonal,CoPx_L,L,5,MSE,0.0023827286953918203,46647,8afc249f260894fd
seasonal,CoPx_L,L,5,MAE,0.03610567934251354,46647,8afc249f260894fd
seasonal,CoPx_L,L,5,SS_vs_persistence,4.1968684083570906e-10,46647,8afc249f260894fd
seasonal,CoPx_L,L,5,SS_vs_seasonal,4.1968684083570906e-10,46647,8afc249f260894fd
seasonal,CoPx_L,L,5,SS_vs_ar,-0.1781436361842046,46647,8afc249f260894fd
seasonal,CoPx_L,L,6,MSE,0.002597516700167615,46647,8afc249f260894fd
seasonal,CoPx_L,L,6,MAE,0.03789195565555133,46647,8afc249f260894fd
seasonal,CoPx_L,L,6,SS_vs_persistence,3.8498304544276607e-10,46647,8afc249f260894fd
seasonal,CoPx_L,L,6,SS_vs_seasonal,3.8498304544276607e-10,46647,8afc249f260894fd
seasonal,CoPx_L,L,6,SS_vs_ar,-0.18076389240427715,46647,8afc249f260894fd
seasonal,CoPx_L,L,7,MSE,0.002788854009914884,46647,8afc249f260894fd
seasonal,CoPx_L,L,7,MAE,0.03920780810192872,46647,8afc249f260894fd
seasonal,CoPx_L,L,7,SS_vs_persistence,3.585701735531188e-10,46647,8afc249f260894fd
seasonal,CoPx_L,L,7,SS_vs_seasonal,3.585701735531188e-10,46647,8afc249f260894fd
seasonal,CoPx_L,L,7,SS_vs_ar,-0.1778580541232515,46647,8afc249f260894fd
seasonal,CoPx_L,L,8,MSE,0.002955196732629097,46647,8afc249f260894fd
seasonal,CoPx_L,L,8,MAE,0.04009059053970325,46647,8afc249f260894fd
seasonal,CoPx_L,L,8,SS_vs_persistence,3.3838698509924825e-10,46647,8afc249f260894fd
seasonal,CoPx_L,L,8,SS_vs_seasonal,3.3838698509924825e-10,46647,8afc249f260894fd
seasonal,CoPx_L,L,8,SS_vs_ar,-0.17373623851264997,46647,8afc249f260894fd
seasonal,CoPx_L,L,9,MSE,0.003108227541350979,46647,8afc249f260894fd
seasonal,CoPx_L,L,9,MAE,0.0410433533436848,46647,8afc249f260894fd
seasonal,CoPx_L,L,9,SS_vs_persistence,3.217267563471182e-10,46647,8afc249f260894fd
seasonal,CoPx_L,L,9,SS_vs_seasonal,3.217267563471182e-10,46647,8afc249f260894fd
seasonal,CoPx_L,L,9,SS_vs_ar,-0.17023784843524337,46647,8afc249f260894fd
seasonal,CoPx_L,L,10,MSE,0.0032426046259867456,46647,8afc249f260894fd
seasonal,CoPx_L,L,10,MAE,0.04218701149712873,46647,8afc249f260894fd
seasonal,CoPx_L,L,10,SS_vs_persistence,3.083940880443947e-10,46647,8afc249f260894fd
seasonal,CoPx_L,L,10,SS_vs_seasonal,3.083940880443947e-10,46647,8afc249f260894fd
seasonal,CoPx_L,L,10,SS_vs_ar,-0.1656695489705764,46647,8afc249f260894fd
seasonal,CoPx_L,L,all,MSE,0.0022454228938331173,46647,8afc249f260894fd
seasonal,CoPx_L,L,all,MAE,0.033975236094871575,46647,8afc249f260894fd
seasonal,CoPx_L,L,all,SS_vs_persistence,4.453504232060368e-10,46647,8afc249f260894fd
seasonal,CoPx_L,L,all,SS_vs_seasonal,4.453504232060368e-10,46647,8afc249f260894fd
seasonal,CoPx_L,L,all,SS_vs_ar,-0.17692097061754697,46647,8afc249f260894fd
seasonal,CoPy_L,L,1,MSE,0.00037254751203628553,46647,8afc249f260894fd
seasonal,CoPy_L,L,1,MAE,0.013671292756705715,46647,8afc249f260894fd
seasonal,CoPy_L,L,1,SS_vs_persistence,2.6842214007061216e-09,46647,8afc249f260894fd
seasonal,CoPy_L,L,1,SS_vs_seasonal,2.6842214007061216e-09,46647,8afc249f260894fd
seasonal,CoPy_L,L,1,SS_vs_ar,-0.3732019146999421,46647,8afc249f260894fd
seasonal,CoPy_L,L,2,MSE,0.0010176487704905077,46647,8afc249f260894fd
seasonal,CoPy_L,L,2,MAE,0.022938819095873544,46647,8afc249f260894fd
seasonal,CoPy_L,L,2,SS_vs_persistence,9.826572888727014e-10,46647,8afc249f260894fd
seasonal,CoPy_L,L,2,SS_vs_seasonal,9.826572888727014e-10,46647,8afc249f260894fd
seasonal,CoPy_L,L,2,SS_vs_ar,-0.14090045794839945,46647,8afc249f260894fd
seasonal,CoPy_L,L,3,MSE,0.0015325343667104872,46647,8afc249f260894fd
seasonal,CoPy_L,L,3,MAE,0.02837982113884462,46647,8afc249f260894fd
seasonal,CoPy_L,L,3,SS_vs_persistence,6.525139317758999e-10,46647,8afc249f260894fd
seasonal,CoPy_L,L,3,SS_vs_seasonal,6.525139317758999e-10,46647,8afc249f260894fd
seasonal,CoPy_L,L,3,SS_vs_ar,-0.12762141637475688,46647,8afc249f260894fd
seasonal,CoPy_L,L,4,MSE,0.00189707776242356,46647,8afc249f260894fd
seasonal,CoPy_L,L,4,MAE,0.031729637396165654,46647,8afc249f260894fd
seasonal,CoPy_L,L,4,SS_vs_persistence,5.271265646200618e-10,46647,8afc249f260894fd
seasonal,CoPy_L,L,4,SS_vs_seasonal,5.271265646200618e-10,46647,8afc249f260894fd
seasonal,CoPy_L,L,4,SS_vs_ar,-0.13234556898906447,46647,8afc249f260894fd
seasonal,CoPy_L,L,5,MSE,0.0021666139009145487,46647,8afc249f260894fd
seasonal,CoPy_L,L,5,MAE,0.03388284493655055,46647,8afc249f260894fd
seasonal,CoPy_L,L,5,SS_vs_persistence,4.6154968735834245e-10,46647,8afc249f260894fd
seasonal,CoPy_L,L,5,SS_vs_seasonal,4.6154968735834245e-10,46647,8afc249f260894fd
seasonal,CoPy_L,L,5,SS_vs_ar,-0.14045460393293085,46647,8afc249f260894fd
seasonal,CoPy_L,L,6,MSE,0.002396115075515622,46647,8afc249f260894fd
seasonal,CoPy_L,L,6,MAE,0.035588116911987565,46647,8afc249f260894fd
seasonal,CoPy_L,L,6,SS_vs_persistence,4.1734227185230566e-10,46647,8afc249f260894fd
seasonal,CoPy_L,L,6,SS_vs_seasonal,4.1734227185230566e-10,46647,8afc249f260894fd
seasonal,CoPy_L,L,6,SS_vs_ar,-0.14826872227646493,46647,8afc249f260894fd
seasonal,CoPy_L,L,7,MSE,0.0026096197386547794,46647,8afc249f260894fd
seasonal,CoPy_L,L,7,MAE,0.0372658586321391,46647,8afc249f260894fd
seasonal,CoPy_L,L,7,SS_vs_persistence,3.831975847745639e-10,46647,8afc249f260894fd
seasonal,CoPy_L,L,7,SS_vs_seasonal,3.831975847745639e-10,46647,8afc249f260894fd
seasonal,CoPy_L,L,7,SS_vs_ar,-0.15466731902790576,46647,8afc249f260894fd
seasonal,CoPy_L,L,8,MSE,0.002824407331994412,46647,8afc249f260894fd
seasonal,CoPy_L,L,8,MAE,0.038828363749805084,46647,8afc249f260894fd
seasonal,CoPy_L,L,8,SS_vs_persistence,3.5405656184650525e-10,46647,8afc249f260894fd
seasonal,CoPy_L,L,8,SS_vs_seasonal,3.5405656184650525e-10,46647,8afc249f260894fd
seasonal,CoPy_L,L,8,SS_vs_ar,-0.1630503734713431,46647,8afc249f260894fd
seasonal,CoPy_L,L,9,MSE,0.0030506825263427154,46647,8afc249f260894fd
seasonal,CoPy_L,L,9,MAE,0.04061786880075727,46647,8afc249f260894fd
seasonal,CoPy_L,L,9,SS_vs_persistence,3.2779545744432426e-10,46647,8afc249f260894fd
seasonal,CoPy_L,L,9,SS_vs_seasonal,3.2779545744432426e-10,46647,8afc249f260894fd
seasonal,CoPy_L,L,9,SS_vs_ar,-0.17440230228428422,46647,8afc249f260894fd
seasonal,CoPy_L,L,10,MSE,0.003273613462313851,46647,8afc249f260894fd
seasonal,CoPy_L,L,10,MAE,0.04227844129143635,46647,8afc249f260894fd
seasonal,CoPy_L,L,10,SS_vs_persistence,3.05472869222001e-10,46647,8afc249f260894fd
seasonal,CoPy_L,L,10,SS_vs_seasonal,3.05472869222001e-10,46647,8afc249f260894fd
seasonal,CoPy_L,L,10,SS_vs_ar,-0.18376951167706523,46647,8afc249f260894fd
seasonal,CoPy_L,L,all,MSE,0.0021117753364008336,46647,8afc249f260894fd
seasonal,CoPy_L,L,all,MAE,0.03249713189381542,46647,8afc249f260894fd
seasonal,CoPy_L,L,all,SS_vs_persistence,4.735352110429858e-10,46647,8afc249f260894fd
seasonal,CoPy_L,L,all,SS_vs_seasonal,4.735352110429858e-10,46647,8afc249f260894fd
seasonal,CoPy_L,L,all,SS_vs_ar,-0.1592779903974857,46647,8afc249f260894fd
seasonal,F_R,R,1,MSE,134481.40078648983,49670,8afc249f260894fd
seasonal,F_R,R,1,MAE,249.53170859312084,49670,8afc249f260894fd
seasonal,F_R,R,1,SS_vs_persistence,0.0,49670,8afc249f260894fd
seasonal,F_R,R,1,SS_vs_seasonal,0.0,49670,8afc249f260894fd
seasonal,F_R,R,1,SS_vs_ar,-0.7011976511555782,49670,8afc249f260894fd
seasonal,F_R,R,2,MSE,421672.8128339646,49670,8afc249f260894fd
seasonal,F_R,R,2,MAE,447.8859389696607,49670,8afc249f260894fd
seasonal,F_R,R,2,SS_vs_persistence,0.0,49670,8afc249f260894fd
seasonal,F_R,R,2,SS_vs_seasonal,0.0,49670,8afc249f260894fd
seasonal,F_R,R,2,SS_vs_ar,-0.34894256155152736,49670,8afc249f260894fd
seasonal,F_R,R,3,MSE,739686.2740587188,49670,8afc249f260894fd
seasonal,F_R,R,3,MAE,594.6099513380105,49670,8afc249f260894fd
seasonal,F_R,R,3,SS_vs_persistence,0.0,49670,8afc249f260894fd
seasonal,F_R,R,3,SS_vs_seasonal,0.0,49670,8afc249f260894fd
seasonal,F_R,R,3,SS_vs_ar,-0.2632846180385753,49670,8afc249f260894fd
seasonal,F_R,R,4,MSE,1035393.8517224236,49670,8afc249f260894fd
seasonal,F_R,R,4,MAE,708.225648238334,49670,8afc249f260894fd
seasonal,F_R,R,4,SS_vs_persistence,0.0,49670,8afc249f260894fd
seasonal,F_R,R,4,SS_vs_seasonal,0.0,49670,8afc249f260894fd
seasonal,F_R,R,4,SS_vs_ar,-0.23510933285325963,49670,8afc249f260894fd
seasonal,F_R,R,5,MSE,1280167.6449184655,49670,8afc249f260894fd
seasonal,F_R,R,5,MAE,794.1340437217668,49670,8afc249f260894fd
seasonal,F_R,R,5,SS_vs_persistence,0.0,49670,8afc249f260894fd
seasonal,F_R,R,5,SS_vs_seasonal,0.0,49670,8afc249f260894fd
seasonal,F_R,R,5,SS_vs_ar,-0.23207054833897556,49670,8afc249f260894fd
seasonal,F_R,R,6,MSE,1466689.5613687113,49670,8afc249f260894fd
seasonal,F_R,R,6,MAE,855.787887828221,49670,8afc249f260894fd
seasonal,F_R,R,6,SS_vs_persistence,0.0,49670,8afc249f260894fd
seasonal,F_R,R,6,SS_vs_seasonal,0.0,49670,8afc249f260894fd
seasonal,F_R,R,6,SS_vs_ar,-0.2373996031608172,49670,8afc249f260894fd
seasonal,F_R,R,7,MSE,1600146.8907736503,49670,8afc249f260894fd
seasonal,F_R,R,7,MAE,900.6180165434643,49670,8afc249f260894fd
seasonal,F_R,R,7,SS_vs_persistence,0.0,49670,8afc249f260894fd
seasonal,F_R,R,7,SS_vs_seasonal,0.0,49670,8afc249f260894fd
seasonal,F_R,R,7,SS_vs_ar,-0.24103557360686456,49670,8afc249f260894fd
seasonal,F_R,R,8,MSE,1691052.0816357995,49670,8afc249f260894fd
seasonal,F_R,R,8,MAE,928.9166425532538,49670,8afc249f260894fd
seasonal,F_R,R,8,SS_vs_persistence,0.0,49670,8afc249f260894fd
seasonal,F_R,R,8,SS_vs_seasonal,0.0,49670,8afc249f260894fd
seasonal,F_R,R,8,SS_vs_ar,-0.24159803779227285,49670,8afc249f260894fd
seasonal,F_R,R,9,MSE,1755494.6106261883,49670,8afc249f260894fd
seasonal,F_R,R,9,MAE,951.8872143918417,49670,8afc249f260894fd
seasonal,F_R,R,9,SS_vs_persistence,0.0,49670,8afc249f260894fd
seasonal,F_R,R,9,SS_vs_seasonal,0.0,49670,8afc249f260894fd
seasonal,F_R,R,9,SS_vs_ar,-0.24364029424614708,49670,8afc249f260894fd
seasonal,F_R,R,10,MSE,1812054.2220154128,49670,8afc249f260894fd
seasonal,F_R,R,10,MAE,974.4145336393045,49670,8afc249f260894fd
seasonal,F_R,R,10,SS_vs_persistence,0.0,49670,8afc249f260894fd
seasonal,F_R,R,10,SS_vs_seasonal,0.0,49670,8afc249f260894fd
seasonal,F_R,R,10,SS_vs_ar,-0.24874229433324269,49670,8afc249f260894fd
seasonal,F_R,R,all,MSE,1193683.9350740744,49670,8afc249f260894fd
seasonal,F_R,R,all,MAE,740.6011585816977,49670,8afc249f260894fd
seasonal,F_R,R,all,SS_vs_persistence,0.0,49670,8afc249f260894fd
seasonal,F_R,R,all,SS_vs_seasonal,0.0,49670,8afc249f260894fd
seasonal,F_R,R,all,SS_vs_ar,-0.2494267717042502,49670,8afc249f260894fd
seasonal,CoPx_R,R,1,MSE,0.0006250305396232098,47205,8afc249f260894fd
seasonal,CoPx_R,R,1,MAE,0.01659062545351705,47205,8afc249f260894fd
seasonal,CoPx_R,R,1,SS_vs_persistence,1.5999218616613575e-09,47205,8afc249f260894fd
seasonal,CoPx_R,R,1,SS_vs_seasonal,1.5999218616613575e-09,47205,8afc249f260894fd
seasonal,CoPx_R,R,1,SS_vs_ar,-0.39417179726031604,47205,8afc249f260894fd
seasonal,CoPx_R,R,2,MSE,0.0016435486620842489,47205,8afc249f260894fd
seasonal,CoPx_R,R,2,MAE,0.027702399530859147,47205,8afc249f260894fd
seasonal,CoPx_R,R,2,SS_vs_persistence,6.084395209882132e-10,47205,8afc249f260894fd
seasonal,CoPx_R,R,2,SS_vs_seasonal,6.084395209882132e-10,47205,8afc249f260894fd
seasonal,CoPx_R,R,2,SS_vs_ar,-0.21258600195384147,47205,8afc249f260894fd
seasonal,CoPx_R,R,3,MSE,0.0023741299629488465,47205,8afc249f260894fd
seasonal,CoPx_R,R,3,MAE,0.03397712113708226,47205,8afc249f260894fd
seasonal,CoPx_R,R,3,SS_vs_persistence,4.2120695820102583e-10,47205,8afc249f260894fd
seasonal,CoPx_R,R,3,SS_vs_seasonal,4.2120695820102583e-10,47205,8afc249f260894fd
seasonal,CoPx_R,R,3,SS_vs_ar,-0.254818993830783,47205,8afc249f260894fd
seasonal,CoPx_R,R,4,MSE,0.0028777955131823957,47205,8afc249f260894fd
seasonal,CoPx_R,R,4,MAE,0.03767730861221698,47205,8afc249f260894fd
seasonal,CoPx_R,R,4,SS_vs_persistence,3.4748814936591543e-10,47205,8afc249f260894fd
seasonal,CoPx_R,R,4,SS_vs_seasonal,3.4748814936591543e-10,47205,8afc249f260894fd
seasonal,CoPx_R,R,4,SS_vs_ar,-0.30374289291395384,47205,8afc249f260894fd
seasonal,CoPx_R,R,5,MSE,0.003177431758823977,47205,8afc249f260894fd
seasonal,CoPx_R,R,5,MAE,0.0394808969615048,47205,8afc249f260894fd
seasonal,CoPx_R,R,5,SS_vs_persistence,3.1471958372719655e-10,47205,8afc249f260894fd
seasonal,CoPx_R,R,5,SS_vs_seasonal,3.1471958372719655e-10,47205,8afc249f260894fd
seasonal,CoPx_R,R,5,SS_vs_ar,-0.32508043283332855,47205,8afc249f260894fd
seasonal,CoPx_R,R,6,MSE,0.003326497667794708,47205,8afc249f260894fd
seasonal,CoPx_R,R,6,MAE,0.040415815605760935,47205,8afc249f260894fd
seasonal,CoPx_R,R,6,SS_vs_persistence,3.006164206453832e-10,47205,8afc249f260894fd
seasonal,CoPx_R,R,6,SS_vs_seasonal,3.006164206453832e-10,47205,8afc249f260894fd
seasonal,CoPx_R,R,6,SS_vs_ar,-0.3326260646798045,47205,8afc249f260894fd
seasonal,CoPx_R,R,7,MSE,0.0034750236890919287,47205,8afc249f260894fd
seasonal,CoPx_R,R,7,MAE,0.04152012335219933,47205,8afc249f260894fd
seasonal,CoPx_R,R,7,SS_vs_persistence,2.8776780958139625e-10,47205,8afc249f260894fd
seasonal,CoPx_R,R,7,SS_vs_seasonal,2.8776780958139625e-10,47205,8afc249f260894fd
seasonal,CoPx_R,R,7,SS_vs_ar,-0.34908704930806356,47205,8afc249f260894fd
seasonal,CoPx_R,R,8,MSE,0.0036561838314364773,47205,8afc249f260894fd
seasonal,CoPx_R,R,8,MAE,0.0428300861769671,47205,8afc249f260894fd
seasonal,CoPx_R,R,8,SS_vs_persistence,2.7350921527613536e-10,47205,8afc249f260894fd
seasonal,CoPx_R,R,8,SS_vs_seasonal,2.7350921527613536e-10,47205,8afc249f260894fd
seasonal,CoPx_R,R,8,SS_vs_ar,-0.37733664219243845,47205,8afc249f260894fd
seasonal,CoPx_R,R,9,MSE,0.003809590889860516,47205,8afc249f260894fd
seasonal,CoPx_R,R,9,MAE,0.04367859446048729,47205,8afc249f260894fd
seasonal,CoPx_R,R,9,SS_vs_persistence,2.6249535878264396e-10,47205,8afc249f260894fd
seasonal,CoPx_R,R,9,SS_vs_seasonal,2.6249535878264396e-10,47205,8afc249f260894fd
seasonal,CoPx_R,R,9,SS_vs_ar,-0.3969562073783319,47205,8afc249f260894fd
seasonal,CoPx_R,R,10,MSE,0.00392663519752163,47205,8afc249f260894fd
seasonal,CoPx_R,R,10,MAE,0.04419035126559547,47205,8afc249f260894fd
seasonal,CoPx_R,R,10,SS_vs_persistence,2.5467106201659817e-10,47205,8afc249f260894fd
seasonal,CoPx_R,R,10,SS_vs_seasonal,2.5467106201659817e-10,47205,8afc249f260894fd
seasonal,CoPx_R,R,10,SS_vs_ar,-0.4081199761203014,47205,8afc249f260894fd
seasonal,CoPx_R,R,all,MSE,0.0028864808470914953,47205,8afc249f260894fd
seasonal,CoPx_R,R,all,MAE,0.03678516392551839,47205,8afc249f260894fd
seasonal,CoPx_R,R,all,SS_vs_persistence,3.464426523436259e-10,47205,8afc249f260894fd
seasonal,CoPx_R,R,all,SS_vs_seasonal,3.464426523436259e-10,47205,8afc249f260894fd
seasonal,CoPx_R,R,all,SS_vs_ar,-0.34098488039093167,47205,8afc249f260894fd
seasonal,CoPy_R,R,1,MSE,0.00048591566212033275,47205,8afc249f260894fd
seasonal,CoPy_R,R,1,MAE,0.014806423045744713,47205,8afc249f260894fd
seasonal,CoPy_R,R,1,SS_vs_persistence,2.0579702386669396e-09,47205,8afc249f260894fd
seasonal,CoPy_R,R,1,SS_vs_seasonal,2.0579702386669396e-09,47205,8afc249f260894fd
seasonal,CoPy_R,R,1,SS_vs_ar,-0.4044496900774379,47205,8afc249f260894fd
seasonal,CoPy_R,R,2,MSE,0.0013083750426057335,47205,8afc249f260894fd
seasonal,CoPy_R,R,2,MAE,0.024888102973925165,47205,8afc249f260894fd
seasonal,CoPy_R,R,2,SS_vs_persistence,7.643068400398079e-10,47205,8afc249f260894fd
seasonal,CoPy_R,R,2,SS_vs_seasonal,7.643068400398079e-10,47205,8afc249f260894fd
seasonal,CoPy_R,R,2,SS_vs_ar,-0.20090571171176985,47205,8afc249f260894fd
seasonal,CoPy_R,R,3,MSE,0.001963561848057513,47205,8afc249f260894fd
seasonal,CoPy_R,R,3,MAE,0.030710846823951133,47205,8afc249f260894fd
seasonal,CoPy_R,R,3,SS_vs_persistence,5.092786192761878e-10,47205,8afc249f260894fd
seasonal,CoPy_R,R,3,SS_vs_seasonal,5.092786192761878e-10,47205,8afc249f260894fd
seasonal,CoPy_R,R,3,SS_vs_ar,-0.20706426513572418,47205,8afc249f260894fd
seasonal,CoPy_R,R,4,MSE,0.0024150214722397445,47205,8afc249f260894fd
seasonal,CoPy_R,R,4,MAE,0.034455167702771364,47205,8afc249f260894fd
seasonal,CoPy_R,R,4,SS_vs_persistence,4.140749965131363e-10,47205,8afc249f260894fd
seasonal,CoPy_R,R,4,SS_vs_seasonal,4.140749965131363e-10,47205,8afc249f260894fd
seasonal,CoPy_R,R,4,SS_vs_ar,-0.22732320581220433,47205,8afc249f260894fd
seasonal,CoPy_R,R,5,MSE,0.00270389653053,47205,8afc249f260894fd
seasonal,CoPy_R,R,5,MAE,0.036730771045929776,47205,8afc249f260894fd
seasonal,CoPy_R,R,5,SS_vs_persistence,3.6983660578471245e-10,47205,8afc249f260894fd
seasonal,CoPy_R,R,5,SS_vs_seasonal,3.6983660578471245e-10,47205,8afc249f260894fd
seasonal,CoPy_R,R,5,SS_vs_ar,-0.23103560537220313,47205,8afc249f260894fd
seasonal,CoPy_R,R,6,MSE,0.002870011760467195,47205,8afc249f260894fd
seasonal,CoPy_R,R,6,MAE,0.03814369249634592,47205,8afc249f260894fd
seasonal,CoPy_R,R,6,SS_vs_persistence,3.4843061769151973e-10,47205,8afc249f260894fd
seasonal,CoPy_R,R,6,SS_vs_seasonal,3.4843061769151973e-10,47205,8afc249f260894fd
seasonal,CoPy_R,R,6,SS_vs_ar,-0.23007096915942382,47205,8afc249f260894fd
seasonal,CoPy_R,R,7,MSE,0.0030291128058859956,47205,8afc249f260894fd
seasonal,CoPy_R,R,7,MAE,0.03940158907119867,47205,8afc249f260894fd
seasonal,CoPy_R,R,7,SS_vs_persistence,3.3012970135359865e-10,47205,8afc249f260894fd
seasonal,CoPy_R,R,7,SS_vs_seasonal,3.3012970135359865e-10,47205,8afc249f260894fd
seasonal,CoPy_R,R,7,SS_vs_ar,-0.2329154513570788,47205,8afc249f260894fd
seasonal,CoPy_R,R,8,MSE,0.003195289287699772,47205,8afc249f260894fd
seasonal,CoPy_R,R,8,MAE,0.04044442927776368,47205,8afc249f260894fd
seasonal,CoPy_R,R,8,SS_vs_persistence,3.129606573892829e-10,47205,8afc249f260894fd
seasonal,CoPy_R,R,8,SS_vs_seasonal,3.129606573892829e-10,47205,8afc249f260894fd
seasonal,CoPy_R,R,8,SS_vs_ar,-0.24004272389217096,47205,8afc249f260894fd
seasonal,CoPy_R,R,9,MSE,0.003390564318489126,47205,8afc249f260894fd
seasonal,CoPy_R,R,9,MAE,0.04166670444332618,47205,8afc249f260894fd
seasonal,CoPy_R,R,9,SS_vs_persistence,2.949361865844935e-10,47205,8afc249f260894fd
seasonal,CoPy_R,R,9,SS_vs_seasonal,2.949361865844935e-10,47205,8afc249f260894fd
seasonal,CoPy_R,R,9,SS_vs_ar,-0.25472242673498036,47205,8afc249f260894fd
seasonal,CoPy_R,R,10,MSE,0.003610423996466417,47205,8afc249f260894fd
seasonal,CoPy_R,R,10,MAE,0.042938927193041064,47205,8afc249f260894fd
seasonal,CoPy_R,R,10,SS_vs_persistence,2.7697577564822495e-10,47205,8afc249f260894fd
seasonal,CoPy_R,R,10,SS_vs_seasonal,2.7697577564822495e-10,47205,8afc249f260894fd
seasonal,CoPy_R,R,10,SS_vs_ar,-0.27304697686908286,47205,8afc249f260894fd
seasonal,CoPy_R,R,all,MSE,0.0024946261878810946,47205,8afc249f260894fd
seasonal,CoPy_R,R,all,MAE,0.03439652715014268,47205,8afc249f260894fd
seasonal,CoPy_R,R,all,SS_vs_persistence,4.0086167718556e-10,47205,8afc249f260894fd
seasonal,CoPy_R,R,all,SS_vs_seasonal,4.0086167718556e-10,47205,8afc249f260894fd
seasonal,CoPy_R,R,all,SS_vs_ar,-0.24042260355859746,47205,8afc249f260894fd
ar,F_L,L,1,MSE,17841.55354258617,49670,8afc249f260894fd
ar,F_L,L,1,MAE,97.51488348036325,49670,8afc249f260894fd
ar,F_L,L,1,SS_vs_persistence,0.3303190825714557,49670,8afc249f260894fd
ar,F_L,L,1,SS_vs_seasonal,0.3303190825714557,49670,8afc249f260894fd
ar,F_L,L,1,SS_vs_ar,0.0,49670,8afc249f260894fd
ar,F_L,L,2,MSE,67172.81351896915,49670,8afc249f260894fd
ar,F_L,L,2,MAE,194.7372999380073,49670,8afc249f260894fd
ar,F_L,L,2,SS_vs_persistence,0.16577021894632082,49670,8afc249f260894fd
ar,F_L,L,2,SS_vs_seasonal,0.16577021894632082,49670,8afc249f260894fd
ar,F_L,L,2,SS_vs_ar,0.0,49670,8afc249f260894fd
ar,F_L,L,3,MSE,120571.59708022993,49670,8afc249f260894fd
ar,F_L,L,3,MAE,266.2338017310962,49670,8afc249f260894fd
ar,F_L,L,3,SS_vs_persistence,0.11859811173481472,49670,8afc249f260894fd
ar,F_L,L,3,SS_vs_seasonal,0.11859811173481472,49670,8afc249f260894fd
ar,F_L,L,3,SS_vs_ar,0.0,49670,8afc249f260894fd
ar,F_L,L,4,MSE,166882.75538723663,49670,8afc249f260894fd
ar,F_L,L,4,MAE,316.40103816076544,49670,8afc249f260894fd
ar,F_L,L,4,SS_vs_persistence,0.10576126879070213,49670,8afc249f260894fd
ar,F_L,L,4,SS_vs_seasonal,0.10576126879070213,49670,8afc249f260894fd
ar,F_L,L,4,SS_vs_ar,0.0,49670,8afc249f260894fd
ar,F_L,L,5,MSE,202215.428945904,49670,8afc249f260894fd
ar,F_L,L,5,MAE,349.93526762239384,49670,8afc249f260894fd
ar,F_L,L,5,SS_vs_persistence,0.11002586676396675,49670,8afc249f260894fd
ar,F_L,L,5,SS_vs_seasonal,0.11002586676396675,49670,8afc249f260894fd
ar,F_L,L,5,SS_vs_ar,0.0,49670,8afc249f260894fd
ar,F_L,L,6,MSE,229737.5713210956,49670,8afc249f260894fd
ar,F_L,L,6,MAE,374.5141061171982,49670,8afc249f260894fd
ar,F_L,L,6,SS_vs_persistence,0.12207693836998379,49670,8afc249f260894fd
ar,F_L,L,6,SS_vs_seasonal,0.12207693836998379,49670,8afc249f260894fd
ar,F_L,L,6,SS_vs_ar,0.0,49670,8afc249f260894fd
ar,F_L,L,7,MSE,252932.39694558506,49670,8afc249f260894fd
ar,F_L,L,7,MAE,394.766856101749,49670,8afc249f260894fd
ar,F_L,L,7,SS_vs_persistence,0.13506437940731086,49670,8afc249f260894fd
ar,F_L,L,7,SS_vs_seasonal,0.13506437940731086,49670,8afc249f260894fd
ar,F_L,L,7,SS_vs_ar,0.0,49670,8afc249f260894fd
ar,F_L,L,8,MSE,272644.5508706276,49670,8afc249f260894fd
ar,F_L,L,8,MAE,411.3060670217066,49670,8afc249f260894fd
ar,F_L,L,8,SS_vs_persistence,0.14962176971707442,49670,8afc249f260894fd
ar,F_L,L,8,SS_vs_seasonal,0.14962176971707442,49670,8afc249f260894fd
ar,F_L,L,8,SS_vs_ar,0.0,49670,8afc249f260894fd
ar,F_L,L,9,MSE,290986.15642644546,49670,8afc249f260894fd
ar,F_L,L,9,MAE,426.0902923872849,49670,8afc249f260894fd
ar,F_L,L,9,SS_vs_persistence,0.16317208848074194,49670,8afc249f260894fd
ar,F_L,L,9,SS_vs_seasonal,0.16317208848074194,49670,8afc249f260894fd
ar,F_L,L,9,SS_vs_ar,0.0,49670,8afc249f260894fd
ar,F_L,L,10,MSE,307847.49674576987,49670,8afc249f260894fd
ar,F_L,L,10,MAE,438.2710198407203,49670,8afc249f260894fd
ar,F_L,L,10,SS_vs_persistence,0.17475714343394833,49670,8afc249f260894fd
ar,F_L,L,10,SS_vs_seasonal,0.17475714343394833,49670,8afc249f260894fd
ar,F_L,L,10,SS_vs_ar,0.0,49670,8afc249f260894fd
ar,F_L,L,all,MSE,192883.23207844415,49670,8afc249f260894fd
ar,F_L,L,all,MAE,326.9770632401307,49670,8afc249f260894fd
ar,F_L,L,all,SS_vs_persistence,0.14399075407286888,49670,8afc249f260894fd
ar,F_L,L,all,SS_vs_seasonal,0.14399075407286888,49670,8afc249f260894fd
ar,F_L,L,all,SS_vs_ar,0.0,49670,8afc249f260894fd
ar,CoPx_L,L,1,MSE,0.00029722312383909517,46647,8afc249f260894fd
ar,CoPx_L,L,1,MAE,0.012148616838579809,46647,8afc249f260894fd
ar,CoPx_L,L,1,SS_vs_persistence,0.293118251597999,46647,8afc249f260894fd
ar,CoPx_L,L,1,SS_vs_seasonal,0.293118251597999,46647,8afc249f260894fd
ar,CoPx_L,L,1,SS_vs_ar,3.364475698042213e-09,46647,8afc249f260894fd
ar,CoPx_L,L,2,MSE,0.0009773428010792218,46647,8afc249f260894fd
ar,CoPx_L,L,2,MAE,0.022957339194233088,46647,8afc249f260894fd
ar,CoPx_L,L,2,SS_vs_persistence,0.14815794174539776,46647,8afc249f260894fd
ar,CoPx_L,L,2,SS_vs_seasonal,0.14815794174539776,46647,8afc249f260894fd
ar,CoPx_L,L,2,SS_vs_ar,1.023182427672964e-09,46647,8afc249f260894fd
ar,CoPx_L,L,3,MSE,0.0014769823336388945,46647,8afc249f260894fd
ar,CoPx_L,L,3,MAE,0.028669689171591354,46647,8afc249f260894fd
ar,CoPx_L,L,3,SS_vs_persistence,0.14146795147958358,46647,8afc249f260894fd
ar,CoPx_L,L,3,SS_vs_seasonal,0.14146795147958358,46647,8afc249f260894fd
ar,CoPx_L,L,3,SS_vs_ar,6.770561888913562e-10,46647,8afc249f260894fd
ar,CoPx_L,L,4,MSE,0.0018007432554519077,46647,8afc249f260894fd
ar,CoPx_L,L,4,MAE,0.031821631635463775,46647,8afc249f260894fd
ar,CoPx_L,L,4,SS_vs_persistence,0.1477747717182336,46647,8afc249f260894fd
ar,CoPx_L,L,4,SS_vs_seasonal,0.1477747717182336,46647,8afc249f260894fd
ar,CoPx_L,L,4,SS_vs_ar,5.553262294455408e-10,46647,8afc249f260894fd
ar,CoPx_L,L,5,MSE,0.002022443292170135,46647,8afc249f260894fd
ar,CoPx_L,L,5,MAE,0.033941240670836995,46647,8afc249f260894fd
ar,CoPx_L,L,5,SS_vs_persistence,0.15120706136928963,46647,8afc249f260894fd
ar,CoPx_L,L,5,SS_vs_seasonal,0.15120706136928963,46647,8afc249f260894fd
ar,CoPx_L,L,5,SS_vs_ar,4.944514797600164e-10,46647,8afc249f260894fd
ar,CoPx_L,L,6,MSE,0.0021998612217873424,46647,8afc249f260894fd
ar,CoPx_L,L,6,MAE,0.035513194463826114,46647,8afc249f260894fd
ar,CoPx_L,L,6,SS_vs_persistence,0.15309063429756653,46647,8afc249f260894fd
ar,CoPx_L,L,6,SS_vs_seasonal,0.15309063429756653,46647,8afc249f260894fd
ar,CoPx_L,L,6,SS_vs_ar,4.545741560946226e-10,46647,8afc249f260894fd
ar,CoPx_L,L,7,MSE,0.002367733530347112,46647,8afc249f260894fd
ar,CoPx_L,L,7,MAE,0.03688612908269214,46647,8afc249f260894fd
ar,CoPx_L,L,7,SS_vs_persistence,0.15100126393120994,46647,8afc249f260894fd
ar,CoPx_L,L,7,SS_vs_seasonal,0.15100126393120994,46647,8afc249f260894fd
ar,CoPx_L,L,7,SS_vs_ar,4.2234482577896415e-10,46647,8afc249f260894fd
ar,CoPx_L,L,8,MSE,0.002517769013590451,46647,8afc249f260894fd
ar,CoPx_L,L,8,MAE,0.03801013240216665,46647,8afc249f260894fd
ar,CoPx_L,L,8,SS_vs_persistence,0.14801983064642465,46647,8afc249f260894fd
ar,CoPx_L,L,8,SS_vs_seasonal,0.14801983064642465,46647,8afc249f260894fd
ar,CoPx_L,L,8,SS_vs_ar,3.97177069011434e-10,46647,8afc249f260894fd
ar,CoPx_L,L,9,MSE,0.002656064785750039,46647,8afc249f260894fd
ar,CoPx_L,L,9,MAE,0.03909560190807954,46647,8afc249f260894fd
ar,CoPx_L,L,9,SS_vs_persistence,0.14547286208619614,46647,8afc249f260894fd
ar,CoPx_L,L,9,SS_vs_seasonal,0.14547286208619614,46647,8afc249f260894fd
ar,CoPx_L,L,9,SS_vs_ar,3.7649683370943876e-10,46647,8afc249f260894fd
ar,CoPx_L,L,10,MSE,0.0027817528798660634,46647,8afc249f260894fd
ar,CoPx_L,L,10,MAE,0.04019309650956561,46647,8afc249f260894fd
ar,CoPx_L,L,10,SS_vs_persistence,0.14212394051535593,46647,8afc249f260894fd
ar,CoPx_L,L,10,SS_vs_seasonal,0.14212394051535593,46647,8afc249f260894fd
ar,CoPx_L,L,10,SS_vs_ar,3.5948555243692226e-10,46647,8afc249f260894fd
ar,CoPx_L,L,all,MSE,0.0019078790749033825,46647,8afc249f260894fd
ar,CoPx_L,L,all,MAE,0.03190401692573259,46647,8afc249f260894fd
ar,CoPx_L,L,all,SS_vs_persistence,0.15032527757085223,46647,8afc249f260894fd
ar,CoPx_L,L,all,SS_vs_seasonal,0.15032527757085223,46647,8afc249f260894fd
ar,CoPx_L,L,all,SS_vs_ar,5.241422851298694e-10,46647,8afc249f260894fd
ar,CoPy_L,L,1,MSE,0.000271298420629197,46647,8afc249f260894fd
ar,CoPy_L,L,1,MAE,0.011611981001591486,46647,8afc249f260894fd
ar,CoPy_L,L,1,SS_vs_persistence,0.27177497866487443,46647,8afc249f260894fd
ar,CoPy_L,L,1,SS_vs_seasonal,0.27177497866487443,46647,8afc249f260894fd
ar,CoPy_L,L,1,SS_vs_ar,3.685977967293752e-09,46647,8afc249f260894fd
ar,CoPy_L,L,2,MSE,0.0008919698140708725,46647,8afc249f260894fd
ar,CoPy_L,L,2,MAE,0.02179098409377075,46647,8afc249f260894fd
ar,CoPy_L,L,2,SS_vs_persistence,0.12349934568835419,46647,8afc249f260894fd
ar,CoPy_L,L,2,SS_vs_seasonal,0.12349934568835419,46647,8afc249f260894fd
ar,CoPy_L,L,2,SS_vs_ar,1.1211142014744269e-09,46647,8afc249f260894fd
ar,CoPy_L,L,3,MSE,0.0013590858982706116,46647,8afc249f260894fd
ar,CoPy_L,L,3,MAE,0.02735718536503276,46647,8afc249f260894fd
ar,CoPy_L,L,3,SS_vs_persistence,0.11317753982835432,46647,8afc249f260894fd
ar,CoPy_L,L,3,SS_vs_seasonal,0.11317753982835432,46647,8afc249f260894fd
ar,CoPy_L,L,3,SS_vs_ar,7.357886522285639e-10,46647,8afc249f260894fd
ar,CoPy_L,L,4,MSE,0.001675352306968347,46647,8afc249f260894fd
ar,CoPy_L,L,4,MAE,0.03058674086087068,46647,8afc249f260894fd
ar,CoPy_L,L,4,SS_vs_persistence,0.1168773683030665,46647,8afc249f260894fd
ar,CoPy_L,L,4,SS_vs_seasonal,0.1168773683030665,46647,8afc249f260894fd
ar,CoPy_L,L,4,SS_vs_ar,5.968894267738278e-10,46647,8afc249f260894fd
ar,CoPy_L,L,5,MSE,0.001899780922714843,46647,8afc249f260894fd
ar,CoPy_L,L,5,MAE,0.03273999944078042,46647,8afc249f260894fd
ar,CoPy_L,L,5,SS_vs_persistence,0.12315668193761531,46647,8afc249f260894fd
ar,CoPy_L,L,5,SS_vs_seasonal,0.12315668193761531,46647,8afc249f260894fd
ar,CoPy_L,L,5,SS_vs_ar,5.26376497944625e-10,46647,8afc249f260894fd
ar,CoPy_L,L,6,MSE,0.00208671979640533,46647,8afc249f260894fd
ar,CoPy_L,L,6,MAE,0.034526871168613395,46647,8afc249f260894fd
ar,CoPy_L,L,6,SS_vs_persistence,0.1291237149428598,46647,8afc249f260894fd
ar,CoPy_L,L,6,SS_vs_seasonal,0.1291237149428598,46647,8afc249f260894fd
ar,CoPy_L,L,6,SS_vs_ar,4.792209962189986e-10,46647,8afc249f260894fd
ar,CoPy_L,L,7,MSE,0.002260062006169106,46647,8afc249f260894fd
ar,CoPy_L,L,7,MAE,0.03610356861201187,46647,8afc249f260894fd
ar,CoPy_L,L,7,SS_vs_persistence,0.13394968170033672,46647,8afc249f260894fd
ar,CoPy_L,L,7,SS_vs_seasonal,0.13394968170033672,46647,8afc249f260894fd
ar,CoPy_L,L,7,SS_vs_ar,4.4246573072115325e-10,46647,8afc249f260894fd
ar,CoPy_L,L,8,MSE,0.002428447980633363,46647,8afc249f260894fd
ar,CoPy_L,L,8,MAE,0.03743890425395349,46647,8afc249f260894fd
ar,CoPy_L,L,8,SS_vs_persistence,0.14019201399723624,46647,8afc249f260894fd
ar,CoPy_L,L,8,SS_vs_seasonal,0.14019201399723624,46647,8afc249f260894fd
ar,CoPy_L,L,8,SS_vs_ar,4.1178560561405675e-10,46647,8afc249f260894fd
ar,CoPy_L,L,9,MSE,0.0025976469215315307,46647,8afc249f260894fd
ar,CoPy_L,L,9,MAE,0.03885479723812113,46647,8afc249f260894fd
ar,CoPy_L,L,9,SS_vs_persistence,0.14850303227251882,46647,8afc249f260894fd
ar,CoPy_L,L,9,SS_vs_seasonal,0.14850303227251882,46647,8afc249f260894fd
ar,CoPy_L,L,9,SS_vs_ar,3.8496383858444005e-10,46647,8afc249f260894fd
ar,CoPy_L,L,10,MSE,0.0027654145750825266,46647,8afc249f260894fd
ar,CoPy_L,L,10,MAE,0.040191788274206705,46647,8afc249f260894fd
ar,CoPy_L,L,10,SS_vs_persistence,0.15524095740884425,46647,8afc249f260894fd
ar,CoPy_L,L,10,SS_vs_seasonal,0.15524095740884425,46647,8afc249f260894fd
ar,CoPy_L,L,10,SS_vs_ar,3.616094090830302e-10,46647,8afc249f260894fd
ar,CoPy_L,L,all,MSE,0.0018216298012502451,46647,8afc249f260894fd
ar,CoPy_L,L,all,MAE,0.031099735390950872,46647,8afc249f260894fd
ar,CoPy_L,L,all,SS_vs_persistence,0.1373941304323113,46647,8afc249f260894fd
ar,CoPy_L,L,all,SS_vs_seasonal,0.1373941304323113,46647,8afc249f260894fd
ar,CoPy_L,L,all,SS_vs_ar,5.48958989377013e-10,46647,8afc249f260894fd
ar,F_R,R,1,MSE,79051.0148512962,49670,8afc249f260894fd
ar,F_R,R,1,MAE,190.08116803564067,49670,8afc249f260894fd
ar,F_R,R,1,SS_vs_persistence,0.412178826298798,49670,8afc249f260894fd
ar,F_R,R,1,SS_vs_seasonal,0.412178826298798,49670,8afc249f260894fd
ar,F_R,R,1,SS_vs_ar,0.0,49670,8afc249f260894fd
ar,F_R,R,2,MSE,312595.08362532855,49670,8afc249f260894fd
ar,F_R,R,2,MAE,390.3759600424221,49670,8afc249f260894fd
ar,F_R,R,2,SS_vs_persistence,0.25867859128870574,49670,8afc249f260894fd
ar,F_R,R,2,SS_vs_seasonal,0.25867859128870574,49670,8afc249f260894fd
ar,F_R,R,2,SS_vs_ar,0.0,49670,8afc249f260894fd
ar,F_R,R,3,MSE,585526.2254417255,49670,8afc249f260894fd
ar,F_R,R,3,MAE,545.0717670174917,49670,8afc249f260894fd
ar,F_R,R,3,SS_vs_persistence,0.20841274743561833,49670,8afc249f260894fd
ar,F_R,R,3,SS_vs_seasonal,0.20841274743561833,49670,8afc249f260894fd
ar,F_R,R,3,SS_vs_ar,0.0,49670,8afc249f260894fd
ar,F_R,R,4,MSE,838301.3747702255,49670,8afc249f260894fd
ar,F_R,R,4,MAE,663.198523540678,49670,8afc249f260894fd
ar,F_R,R,4,SS_vs_persistence,0.19035507756234593,49670,8afc249f260894fd
ar,F_R,R,4,SS_vs_seasonal,0.19035507756234593,49670,8afc249f260894fd
ar,F_R,R,4,SS_vs_ar,0.0,49670,8afc249f260894fd
ar,F_R,R,5,MSE,1039037.6156984941,49670,8afc249f260894fd
ar,F_R,R,5,MAE,746.6883807102704,49670,8afc249f260894fd
ar,F_R,R,5,SS_vs_persistence,0.18835816557082963,49670,8afc249f260894fd
ar,F_R,R,5,SS_vs_seasonal,0.18835816557082963,49670,8afc249f260894fd
ar,F_R,R,5,SS_vs_ar,0.0,49670,8afc249f260894fd
ar,F_R,R,6,MSE,1185299.8478601377,49670,8afc249f260894fd
ar,F_R,R,6,MAE,806.3712640051222,49670,8afc249f260894fd
ar,F_R,R,6,SS_vs_persistence,0.1918536280069938,49670,8afc249f260894fd
ar,F_R,R,6,SS_vs_seasonal,0.1918536280069938,49670,8afc249f260894fd
ar,F_R,R,6,SS_vs_ar,0.0,49670,8afc249f260894fd
ar,F_R,R,7,MSE,1289364.241286886,49670,8afc249f260894fd
ar,F_R,R,7,MAE,846.4108152997884,49670,8afc249f260894fd
ar,F_R,R,7,SS_vs_persistence,0.19422132510378776,49670,8afc249f260894fd
ar,F_R,R,7,SS_vs_seasonal,0.19422132510378776,49670,8afc249f260894fd
ar,F_R,R,7,SS_vs_ar,0.0,49670,8afc249f260894fd
ar,F_R,R,8,MSE,1361996.4192619987,49670,8afc249f260894fd
ar,F_R,R,8,MAE,874.5991963054844,49670,8afc249f260894fd
ar,F_R,R,8,SS_vs_persistence,0.19458635600122764,49670,8afc249f260894fd
ar,F_R,R,8,SS_vs_seasonal,0.19458635600122764,49670,8afc249f260894fd
ar,F_R,R,8,SS_vs_ar,0.0,49670,8afc249f260894fd
ar,F_R,R,9,MSE,1411577.4623483957,49670,8afc249f260894fd
ar,F_R,R,9,MAE,894.45404388883,49670,8afc249f260894fd
ar,F_R,R,9,SS_vs_persistence,0.1959089741409783,49670,8afc249f260894fd
ar,F_R,R,9,SS_vs_seasonal,0.1959089741409783,49670,8afc249f260894fd
ar,F_R,R,9,SS_vs_ar,0.0,49670,8afc249f260894fd
ar,F_R,R,10,MSE,1451103.426414292,49670,8afc249f260894fd
ar,F_R,R,10,MAE,910.7742293569429,49670,8afc249f260894fd
ar,F_R,R,10,SS_vs_persistence,0.19919425766391363,49670,8afc249f260894fd
ar,F_R,R,10,SS_vs_seasonal,0.19919425766391363,49670,8afc249f260894fd
ar,F_R,R,10,SS_vs_ar,0.0,49670,8afc249f260894fd
ar,F_R,R,all,MSE,955385.2711558748,49670,8afc249f260894fd
ar,F_R,R,all,MAE,686.8025348202684,49670,8afc249f260894fd
ar,F_R,R,all,SS_vs_persistence,0.1996329655751059,49670,8afc249f260894fd
ar,F_R,R,all,SS_vs_seasonal,0.1996329655751059,49670,8afc249f260894fd
ar,F_R,R,all,SS_vs_ar,0.0,49670,8afc249f260894fd
ar,CoPx_R,R,1,MSE,0.0004483167278647324,47205,8afc249f260894fd
ar,CoPx_R,R,1,MAE,0.013999463127271222,47205,8afc249f260894fd
ar,CoPx_R,R,1,SS_vs_persistence,0.2827282848967322,47205,8afc249f260894fd
ar,CoPx_R,R,1,SS_vs_seasonal,0.2827282848967322,47205,8afc249f260894fd
ar,CoPx_R,R,1,SS_vs_ar,2.230565843142074e-09,47205,8afc249f260894fd
ar,CoPx_R,R,2,MSE,0.0013554079118705072,47205,8afc249f260894fd
ar,CoPx_R,R,2,MAE,0.025581534774544668,47205,8afc249f260894fd
ar,CoPx_R,R,2,SS_vs_persistence,0.17531622743255004,47205,8afc249f260894fd
ar,CoPx_R,R,2,SS_vs_seasonal,0.17531622743255004,47205,8afc249f260894fd
ar,CoPx_R,R,2,SS_vs_ar,7.377852773160498e-10,47205,8afc249f260894fd
ar,CoPx_R,R,3,MSE,0.001892009902118351,47205,8afc249f260894fd
ar,CoPx_R,R,3,MAE,0.030810718786988673,47205,8afc249f260894fd
ar,CoPx_R,R,3,SS_vs_persistence,0.20307231244771207,47205,8afc249f260894fd
ar,CoPx_R,R,3,SS_vs_seasonal,0.20307231244771207,47205,8afc249f260894fd
ar,CoPx_R,R,3,SS_vs_ar,5.285384352404776e-10,47205,8afc249f260894fd
ar,CoPx_R,R,4,MSE,0.002207333614257781,47205,8afc249f260894fd
ar,CoPx_R,R,4,MAE,0.03368976185188301,47205,8afc249f260894fd
ar,CoPx_R,R,4,SS_vs_persistence,0.23297760268943157,47205,8afc249f260894fd
ar,CoPx_R,R,4,SS_vs_seasonal,0.23297760268943157,47205,8afc249f260894fd
ar,CoPx_R,R,4,SS_vs_ar,4.5303527596018967e-10,47205,8afc249f260894fd
ar,CoPx_R,R,5,MSE,0.002397916140611036,47205,8afc249f260894fd
ar,CoPx_R,R,5,MAE,0.035237754838944056,47205,8afc249f260894fd
ar,CoPx_R,R,5,SS_vs_persistence,0.24532883099781322,47205,8afc249f260894fd
ar,CoPx_R,R,5,SS_vs_seasonal,0.24532883099781322,47205,8afc249f260894fd
ar,CoPx_R,R,5,SS_vs_ar,4.170287448701515e-10,47205,8afc249f260894fd
ar,CoPx_R,R,6,MSE,0.002496197361456646,47205,8afc249f260894fd
ar,CoPx_R,R,6,MAE,0.03604055272762588,47205,8afc249f260894fd
ar,CoPx_R,R,6,SS_vs_persistence,0.24960195076249814,47205,8afc249f260894fd
ar,CoPx_R,R,6,SS_vs_seasonal,0.24960195076249814,47205,8afc249f260894fd
ar,CoPx_R,R,6,SS_vs_ar,4.006093234920627e-10,47205,8afc249f260894fd
ar,CoPx_R,R,7,MSE,0.002575833553161121,47205,8afc249f260894fd
ar,CoPx_R,R,7,MAE,0.036677171816594814,47205,8afc249f260894fd
ar,CoPx_R,R,7,SS_vs_persistence,0.25875798760584,47205,8afc249f260894fd
ar,CoPx_R,R,7,SS_vs_seasonal,0.25875798760584,47205,8afc249f260894fd
ar,CoPx_R,R,7,SS_vs_ar,3.882237864516469e-10,47205,8afc249f260894fd
ar,CoPx_R,R,8,MSE,0.0026545317375999255,47205,8afc249f260894fd
ar,CoPx_R,R,8,MAE,0.03733537191159284,47205,8afc249f260894fd
ar,CoPx_R,R,8,SS_vs_persistence,0.2739610864066022,47205,8afc249f260894fd
ar,CoPx_R,R,8,SS_vs_seasonal,0.2739610864066022,47205,8afc249f260894fd
ar,CoPx_R,R,8,SS_vs_ar,3.7671432639996283e-10,47205,8afc249f260894fd
ar,CoPx_R,R,9,MSE,0.0027270653642128264,47205,8afc249f260894fd
ar,CoPx_R,R,9,MAE,0.037846317862586604,47205,8afc249f260894fd
ar,CoPx_R,R,9,SS_vs_persistence,0.284157947050101,47205,8afc249f260894fd
ar,CoPx_R,R,9,SS_vs_seasonal,0.284157947050101,47205,8afc249f260894fd
ar,CoPx_R,R,9,SS_vs_ar,3.666945636027208e-10,47205,8afc249f260894fd
ar,CoPx_R,R,10,MSE,0.0027885657917674773,47205,8afc249f260894fd
ar,CoPx_R,R,10,MAE,0.038309809121569026,47205,8afc249f260894fd
ar,CoPx_R,R,10,SS_vs_persistence,0.2898332412398874,47205,8afc249f260894fd
ar,CoPx_R,R,10,SS_vs_seasonal,0.2898332412398874,47205,8afc249f260894fd
ar,CoPx_R,R,10,SS_vs_ar,3.586072550021413e-10,47205,8afc249f260894fd
ar,CoPx_R,R,all,MSE,0.0021525081214256695,47205,8afc249f260894fd
ar,CoPx_R,R,all,MAE,0.03253526230181556,47205,8afc249f260894fd
ar,CoPx_R,R,all,SS_vs_persistence,0.25427943758958915,47205,8afc249f260894fd
ar,CoPx_R,R,all,SS_vs_seasonal,0.25427943758958915,47205,8afc249f260894fd
ar,CoPx_R,R,all,SS_vs_ar,4.6457426794432877e-10,47205,8afc249f260894fd
ar,CoPy_R,R,1,MSE,0.00034598295983752245,47205,8afc249f260894fd
ar,CoPy_R,R,1,MAE,0.012447683342917562,47205,8afc249f260894fd
ar,CoPy_R,R,1,SS_vs_persistence,0.2879773464889466,47205,8afc249f260894fd
ar,CoPy_R,R,1,SS_vs_seasonal,0.2879773464889466,47205,8afc249f260894fd
ar,CoPy_R,R,1,SS_vs_ar,2.8903157645032707e-09,47205,8afc249f260894fd
ar,CoPy_R,R,2,MSE,0.0010894902311188704,47205,8afc249f260894fd
ar,CoPy_R,R,2,MAE,0.02330698918074295,47205,8afc249f260894fd
ar,CoPy_R,R,2,SS_vs_persistence,0.16729516017337154,47205,8afc249f260894fd
ar,CoPy_R,R,2,SS_vs_seasonal,0.16729516017337154,47205,8afc249f260894fd
ar,CoPy_R,R,2,SS_vs_ar,9.178604543080837e-10,47205,8afc249f260894fd
ar,CoPy_R,R,3,MSE,0.0016267251906671787,47205,8afc249f260894fd
ar,CoPy_R,R,3,MAE,0.029062879922030535,47205,8afc249f260894fd
ar,CoPy_R,R,3,SS_vs_persistence,0.1715436967529248,47205,8afc249f260894fd
ar,CoPy_R,R,3,SS_vs_seasonal,0.1715436967529248,47205,8afc249f260894fd
ar,CoPy_R,R,3,SS_vs_ar,6.147319320248812e-10,47205,8afc249f260894fd
ar,CoPy_R,R,4,MSE,0.0019677143392837874,47205,8afc249f260894fd
ar,CoPy_R,R,4,MAE,0.03254353090849354,47205,8afc249f260894fd
ar,CoPy_R,R,4,SS_vs_persistence,0.18521869843082428,47205,8afc249f260894fd
ar,CoPy_R,R,4,SS_vs_seasonal,0.18521869843082428,47205,8afc249f260894fd
ar,CoPy_R,R,4,SS_vs_ar,5.082038123660482e-10,47205,8afc249f260894fd
ar,CoPy_R,R,5,MSE,0.0021964405558208386,47205,8afc249f260894fd
ar,CoPy_R,R,5,MAE,0.03462025609352017,47205,8afc249f260894fd
ar,CoPy_R,R,5,SS_vs_persistence,0.18767581147863577,47205,8afc249f260894fd
ar,CoPy_R,R,5,SS_vs_seasonal,0.18767581147863577,47205,8afc249f260894fd
ar,CoPy_R,R,5,SS_vs_ar,4.552820342951236e-10,47205,8afc249f260894fd
ar,CoPy_R,R,6,MSE,0.002333208271062899,47205,8afc249f260894fd
ar,CoPy_R,R,6,MAE,0.03608347409233156,47205,8afc249f260894fd
ar,CoPy_R,R,6,SS_vs_persistence,0.18703877719646478,47205,8afc249f260894fd
ar,CoPy_R,R,6,SS_vs_seasonal,0.18703877719646478,47205,8afc249f260894fd
ar,CoPy_R,R,6,SS_vs_ar,4.285943822068816e-10,47205,8afc249f260894fd
ar,CoPy_R,R,7,MSE,0.0024568698537429426,47205,8afc249f260894fd
ar,CoPy_R,R,7,MAE,0.037270842572889984,47205,8afc249f260894fd
ar,CoPy_R,R,7,SS_vs_persistence,0.18891437514053266,47205,8afc249f260894fd
ar,CoPy_R,R,7,SS_vs_seasonal,0.18891437514053266,47205,8afc249f260894fd
ar,CoPy_R,R,7,SS_vs_ar,4.070219716822976e-10,47205,8afc249f260894fd
ar,CoPy_R,R,8,MSE,0.002576757417220714,47205,8afc249f260894fd
ar,CoPy_R,R,8,MAE,0.03835469793798952,47205,8afc249f260894fd
ar,CoPy_R,R,8,SS_vs_persistence,0.19357617279490558,47205,8afc249f260894fd
ar,CoPy_R,R,8,SS_vs_seasonal,0.19357617279490558,47205,8afc249f260894fd
ar,CoPy_R,R,8,SS_vs_ar,3.8808467550666137e-10,47205,8afc249f260894fd
ar,CoPy_R,R,9,MSE,0.00270224253985583,47205,8afc249f260894fd
ar,CoPy_R,R,9,MAE,0.03951660960422698,47205,8afc249f260894fd
ar,CoPy_R,R,9,SS_vs_persistence,0.20301097834268755,47205,8afc249f260894fd
ar,CoPy_R,R,9,SS_vs_seasonal,0.20301097834268755,47205,8afc249f260894fd
ar,CoPy_R,R,9,SS_vs_ar,3.700629802594335e-10,47205,8afc249f260894fd
ar,CoPy_R,R,10,MSE,0.0028360493059516197,47205,8afc249f260894fd
ar,CoPy_R,R,10,MAE,0.040630022874307,47205,8afc249f260894fd
ar,CoPy_R,R,10,SS_vs_persistence,0.2144830335878024,47205,8afc249f260894fd
ar,CoPy_R,R,10,SS_vs_seasonal,0.2144830335878024,47205,8afc249f260894fd
ar,CoPy_R,R,10,SS_vs_ar,3.5260316888496845e-10,47205,8afc249f260894fd
ar,CoPy_R,R,all,MSE,0.002011109906804295,47205,8afc249f260894fd
ar,CoPy_R,R,all,MAE,0.03236188158728991,47205,8afc249f260894fd
ar,CoPy_R,R,all,SS_vs_persistence,0.1938231404095334,47205,8afc249f260894fd
ar,CoPy_R,R,all,SS_vs_seasonal,0.1938231404095334,47205,8afc249f260894fd
ar,CoPy_R,R,all,SS_vs_ar,4.972379175072206e-10,47205,8afc249f260894fd
